时间,观看次数
2014-12,424
2015-01,1889
2015-02,4027
2015-03,25529
2015-04,50990
2015-05,48256
2015-06,62603
2015-07,58737
2015-08,48699
2015-09,43675
2015-10,48305
2015-11,43931
2015-12,54031
2016-01,57238
2016-02,61032
2016-03,63037
2016-04,59176
2016-05,59902
2016-06,55023
2016-07,59005
2016-08,60520
2016-09,46994
2016-10,44410
2016-11,42976
2016-12,45298
2017-01,42321
2017-02,41034
2017-03,42811
2017-04,47592
2017-05,59549
2017-06,63741
2017-07,59315
2017-08,50004
2017-09,33220
2017-10,28518
2017-11,27427
2017-12,33187
2018-01,30599
2018-02,30928
2018-03,35569
2018-04,35127
2018-05,34535
2018-06,33011
2018-07,33274
2018-08,31849
2018-09,31445
2018-10,31361
2018-11,22381
2018-12,24797
2019-01,25736
2019-02,24774
2019-03,24170
2019-04,20623
2019-05,24533
2019-06,19783
2019-07,16774
2019-08,17459
2019-09,18056
2019-10,20384
2019-11,18028
2019-12,18481
2020-01,16383
2020-02,14757
2020-03,19250
2020-04,20356
2020-05,18888
2020-06,16764
2020-07,17257
2020-08,17601
2020-09,15566
2020-10,15025
2020-11,12765
2020-12,15791
2021-01,16256
2021-02,16289
2021-03,13125
2021-04,10757
2021-05,12938
2021-06,15663
2021-07,19009
2021-08,18259
2021-09,16055
2021-10,14814
2021-11,11669
2021-12,12435
2022-01,12373
2022-02,13297
2022-03,17626
2022-04,14814
2022-05,15818
2022-06,15759
2022-07,15772
2022-08,18079
2022-09,18092
2022-10,18400
2022-11,18572
2022-12,19466
2023-01,19109
2023-02,15944
2023-03,17087
2023-04,14035
2023-05,12975
2023-06,15480
2023-07,17848
2023-08,22264
2023-09,9969
2023-10,9875
2023-11,12415
2023-12,15347
2024-01,17018
2024-02,15886
2024-03,14061
2024-04,12705
2024-05,14503
2024-06,12453
2024-07,13883
2024-08,14700
2024-09,11494
2024-10,10835
2024-11,10122
2024-12,11237
2025-01,9669
2025-02,8933
2025-03,8414
2025-04,8352
2025-05,10209
2025-06,9198
2025-07,8810
2025-08,9555
2025-09,8033
2025-10,14874
2025-11,9155
2025-12,7558
2026-01,6153
2026-02,7692
2026-03,8049
2026-04,7349
2026-05,8471
2026-06,7228
2026-07,7205
2026-08,2378
