日期,内容,视频标题,视频发布时间,时长,观看次数
2014-12,FidL0TdBA4g,Pripara-PaPiPuPe☆Police-Lyrics-Full,"Jan 6, 2016",151,0
2015-01,FidL0TdBA4g,Pripara-PaPiPuPe☆Police-Lyrics-Full,"Jan 6, 2016",151,0
2015-02,FidL0TdBA4g,Pripara-PaPiPuPe☆Police-Lyrics-Full,"Jan 6, 2016",151,0
2015-03,FidL0TdBA4g,Pripara-PaPiPuPe☆Police-Lyrics-Full,"Jan 6, 2016",151,0
2015-04,FidL0TdBA4g,Pripara-PaPiPuPe☆Police-Lyrics-Full,"Jan 6, 2016",151,0
2015-05,FidL0TdBA4g,Pripara-PaPiPuPe☆Police-Lyrics-Full,"Jan 6, 2016",151,0
2015-06,FidL0TdBA4g,Pripara-PaPiPuPe☆Police-Lyrics-Full,"Jan 6, 2016",151,0
2015-07,FidL0TdBA4g,Pripara-PaPiPuPe☆Police-Lyrics-Full,"Jan 6, 2016",151,0
2015-08,FidL0TdBA4g,Pripara-PaPiPuPe☆Police-Lyrics-Full,"Jan 6, 2016",151,0
2015-09,FidL0TdBA4g,Pripara-PaPiPuPe☆Police-Lyrics-Full,"Jan 6, 2016",151,0
2015-10,FidL0TdBA4g,Pripara-PaPiPuPe☆Police-Lyrics-Full,"Jan 6, 2016",151,0
2015-11,FidL0TdBA4g,Pripara-PaPiPuPe☆Police-Lyrics-Full,"Jan 6, 2016",151,0
2015-12,FidL0TdBA4g,Pripara-PaPiPuPe☆Police-Lyrics-Full,"Jan 6, 2016",151,0
2016-01,FidL0TdBA4g,Pripara-PaPiPuPe☆Police-Lyrics-Full,"Jan 6, 2016",151,1181
2016-02,FidL0TdBA4g,Pripara-PaPiPuPe☆Police-Lyrics-Full,"Jan 6, 2016",151,1257
2016-03,FidL0TdBA4g,Pripara-PaPiPuPe☆Police-Lyrics-Full,"Jan 6, 2016",151,1759
2016-04,FidL0TdBA4g,Pripara-PaPiPuPe☆Police-Lyrics-Full,"Jan 6, 2016",151,1659
2016-05,FidL0TdBA4g,Pripara-PaPiPuPe☆Police-Lyrics-Full,"Jan 6, 2016",151,2360
2016-06,FidL0TdBA4g,Pripara-PaPiPuPe☆Police-Lyrics-Full,"Jan 6, 2016",151,2012
2016-07,FidL0TdBA4g,Pripara-PaPiPuPe☆Police-Lyrics-Full,"Jan 6, 2016",151,2025
2016-08,FidL0TdBA4g,Pripara-PaPiPuPe☆Police-Lyrics-Full,"Jan 6, 2016",151,2476
2016-09,FidL0TdBA4g,Pripara-PaPiPuPe☆Police-Lyrics-Full,"Jan 6, 2016",151,1882
2016-10,FidL0TdBA4g,Pripara-PaPiPuPe☆Police-Lyrics-Full,"Jan 6, 2016",151,2744
2016-11,FidL0TdBA4g,Pripara-PaPiPuPe☆Police-Lyrics-Full,"Jan 6, 2016",151,2797
2016-12,FidL0TdBA4g,Pripara-PaPiPuPe☆Police-Lyrics-Full,"Jan 6, 2016",151,2947
2017-01,FidL0TdBA4g,Pripara-PaPiPuPe☆Police-Lyrics-Full,"Jan 6, 2016",151,2777
2017-02,FidL0TdBA4g,Pripara-PaPiPuPe☆Police-Lyrics-Full,"Jan 6, 2016",151,2557
2017-03,FidL0TdBA4g,Pripara-PaPiPuPe☆Police-Lyrics-Full,"Jan 6, 2016",151,2582
2017-04,FidL0TdBA4g,Pripara-PaPiPuPe☆Police-Lyrics-Full,"Jan 6, 2016",151,3171
2017-05,FidL0TdBA4g,Pripara-PaPiPuPe☆Police-Lyrics-Full,"Jan 6, 2016",151,4333
2017-06,FidL0TdBA4g,Pripara-PaPiPuPe☆Police-Lyrics-Full,"Jan 6, 2016",151,4688
2017-07,FidL0TdBA4g,Pripara-PaPiPuPe☆Police-Lyrics-Full,"Jan 6, 2016",151,4939
2017-08,FidL0TdBA4g,Pripara-PaPiPuPe☆Police-Lyrics-Full,"Jan 6, 2016",151,5000
2017-09,FidL0TdBA4g,Pripara-PaPiPuPe☆Police-Lyrics-Full,"Jan 6, 2016",151,3553
2017-10,FidL0TdBA4g,Pripara-PaPiPuPe☆Police-Lyrics-Full,"Jan 6, 2016",151,3096
2017-11,FidL0TdBA4g,Pripara-PaPiPuPe☆Police-Lyrics-Full,"Jan 6, 2016",151,2931
2017-12,FidL0TdBA4g,Pripara-PaPiPuPe☆Police-Lyrics-Full,"Jan 6, 2016",151,4373
2018-01,FidL0TdBA4g,Pripara-PaPiPuPe☆Police-Lyrics-Full,"Jan 6, 2016",151,4138
2018-02,FidL0TdBA4g,Pripara-PaPiPuPe☆Police-Lyrics-Full,"Jan 6, 2016",151,4302
2018-03,FidL0TdBA4g,Pripara-PaPiPuPe☆Police-Lyrics-Full,"Jan 6, 2016",151,4806
2018-04,FidL0TdBA4g,Pripara-PaPiPuPe☆Police-Lyrics-Full,"Jan 6, 2016",151,4473
2018-05,FidL0TdBA4g,Pripara-PaPiPuPe☆Police-Lyrics-Full,"Jan 6, 2016",151,4544
2018-06,FidL0TdBA4g,Pripara-PaPiPuPe☆Police-Lyrics-Full,"Jan 6, 2016",151,3843
2018-07,FidL0TdBA4g,Pripara-PaPiPuPe☆Police-Lyrics-Full,"Jan 6, 2016",151,3848
2018-08,FidL0TdBA4g,Pripara-PaPiPuPe☆Police-Lyrics-Full,"Jan 6, 2016",151,3608
2018-09,FidL0TdBA4g,Pripara-PaPiPuPe☆Police-Lyrics-Full,"Jan 6, 2016",151,3699
2018-10,FidL0TdBA4g,Pripara-PaPiPuPe☆Police-Lyrics-Full,"Jan 6, 2016",151,3706
2018-11,FidL0TdBA4g,Pripara-PaPiPuPe☆Police-Lyrics-Full,"Jan 6, 2016",151,3540
2018-12,FidL0TdBA4g,Pripara-PaPiPuPe☆Police-Lyrics-Full,"Jan 6, 2016",151,4321
2019-01,FidL0TdBA4g,Pripara-PaPiPuPe☆Police-Lyrics-Full,"Jan 6, 2016",151,4814
2019-02,FidL0TdBA4g,Pripara-PaPiPuPe☆Police-Lyrics-Full,"Jan 6, 2016",151,5693
2019-03,FidL0TdBA4g,Pripara-PaPiPuPe☆Police-Lyrics-Full,"Jan 6, 2016",151,5669
2019-04,FidL0TdBA4g,Pripara-PaPiPuPe☆Police-Lyrics-Full,"Jan 6, 2016",151,4499
2019-05,FidL0TdBA4g,Pripara-PaPiPuPe☆Police-Lyrics-Full,"Jan 6, 2016",151,4957
2019-06,FidL0TdBA4g,Pripara-PaPiPuPe☆Police-Lyrics-Full,"Jan 6, 2016",151,3930
2019-07,FidL0TdBA4g,Pripara-PaPiPuPe☆Police-Lyrics-Full,"Jan 6, 2016",151,3273
2019-08,FidL0TdBA4g,Pripara-PaPiPuPe☆Police-Lyrics-Full,"Jan 6, 2016",151,3317
2019-09,FidL0TdBA4g,Pripara-PaPiPuPe☆Police-Lyrics-Full,"Jan 6, 2016",151,2826
2019-10,FidL0TdBA4g,Pripara-PaPiPuPe☆Police-Lyrics-Full,"Jan 6, 2016",151,3034
2019-11,FidL0TdBA4g,Pripara-PaPiPuPe☆Police-Lyrics-Full,"Jan 6, 2016",151,3031
2019-12,FidL0TdBA4g,Pripara-PaPiPuPe☆Police-Lyrics-Full,"Jan 6, 2016",151,2922
2020-01,FidL0TdBA4g,Pripara-PaPiPuPe☆Police-Lyrics-Full,"Jan 6, 2016",151,2479
2020-02,FidL0TdBA4g,Pripara-PaPiPuPe☆Police-Lyrics-Full,"Jan 6, 2016",151,1919
2020-03,FidL0TdBA4g,Pripara-PaPiPuPe☆Police-Lyrics-Full,"Jan 6, 2016",151,2854
2020-04,FidL0TdBA4g,Pripara-PaPiPuPe☆Police-Lyrics-Full,"Jan 6, 2016",151,3576
2020-05,FidL0TdBA4g,Pripara-PaPiPuPe☆Police-Lyrics-Full,"Jan 6, 2016",151,3466
2020-06,FidL0TdBA4g,Pripara-PaPiPuPe☆Police-Lyrics-Full,"Jan 6, 2016",151,2807
2020-07,FidL0TdBA4g,Pripara-PaPiPuPe☆Police-Lyrics-Full,"Jan 6, 2016",151,2555
2020-08,FidL0TdBA4g,Pripara-PaPiPuPe☆Police-Lyrics-Full,"Jan 6, 2016",151,3174
2020-09,FidL0TdBA4g,Pripara-PaPiPuPe☆Police-Lyrics-Full,"Jan 6, 2016",151,3649
2020-10,FidL0TdBA4g,Pripara-PaPiPuPe☆Police-Lyrics-Full,"Jan 6, 2016",151,3074
2020-11,FidL0TdBA4g,Pripara-PaPiPuPe☆Police-Lyrics-Full,"Jan 6, 2016",151,1884
2020-12,FidL0TdBA4g,Pripara-PaPiPuPe☆Police-Lyrics-Full,"Jan 6, 2016",151,2100
2021-01,FidL0TdBA4g,Pripara-PaPiPuPe☆Police-Lyrics-Full,"Jan 6, 2016",151,2770
2021-02,FidL0TdBA4g,Pripara-PaPiPuPe☆Police-Lyrics-Full,"Jan 6, 2016",151,3186
2021-03,FidL0TdBA4g,Pripara-PaPiPuPe☆Police-Lyrics-Full,"Jan 6, 2016",151,1611
2021-04,FidL0TdBA4g,Pripara-PaPiPuPe☆Police-Lyrics-Full,"Jan 6, 2016",151,1659
2021-05,FidL0TdBA4g,Pripara-PaPiPuPe☆Police-Lyrics-Full,"Jan 6, 2016",151,2854
2021-06,FidL0TdBA4g,Pripara-PaPiPuPe☆Police-Lyrics-Full,"Jan 6, 2016",151,4302
2021-07,FidL0TdBA4g,Pripara-PaPiPuPe☆Police-Lyrics-Full,"Jan 6, 2016",151,5039
2021-08,FidL0TdBA4g,Pripara-PaPiPuPe☆Police-Lyrics-Full,"Jan 6, 2016",151,4656
2021-09,FidL0TdBA4g,Pripara-PaPiPuPe☆Police-Lyrics-Full,"Jan 6, 2016",151,4176
2021-10,FidL0TdBA4g,Pripara-PaPiPuPe☆Police-Lyrics-Full,"Jan 6, 2016",151,3556
2021-11,FidL0TdBA4g,Pripara-PaPiPuPe☆Police-Lyrics-Full,"Jan 6, 2016",151,2324
2021-12,FidL0TdBA4g,Pripara-PaPiPuPe☆Police-Lyrics-Full,"Jan 6, 2016",151,2195
2022-01,FidL0TdBA4g,Pripara-PaPiPuPe☆Police-Lyrics-Full,"Jan 6, 2016",151,1625
2022-02,FidL0TdBA4g,Pripara-PaPiPuPe☆Police-Lyrics-Full,"Jan 6, 2016",151,764
2022-03,FidL0TdBA4g,Pripara-PaPiPuPe☆Police-Lyrics-Full,"Jan 6, 2016",151,448
2022-04,FidL0TdBA4g,Pripara-PaPiPuPe☆Police-Lyrics-Full,"Jan 6, 2016",151,420
2022-05,FidL0TdBA4g,Pripara-PaPiPuPe☆Police-Lyrics-Full,"Jan 6, 2016",151,335
2022-06,FidL0TdBA4g,Pripara-PaPiPuPe☆Police-Lyrics-Full,"Jan 6, 2016",151,295
2022-07,FidL0TdBA4g,Pripara-PaPiPuPe☆Police-Lyrics-Full,"Jan 6, 2016",151,283
2022-08,FidL0TdBA4g,Pripara-PaPiPuPe☆Police-Lyrics-Full,"Jan 6, 2016",151,416
2022-09,FidL0TdBA4g,Pripara-PaPiPuPe☆Police-Lyrics-Full,"Jan 6, 2016",151,312
2022-10,FidL0TdBA4g,Pripara-PaPiPuPe☆Police-Lyrics-Full,"Jan 6, 2016",151,368
2022-11,FidL0TdBA4g,Pripara-PaPiPuPe☆Police-Lyrics-Full,"Jan 6, 2016",151,256
2022-12,FidL0TdBA4g,Pripara-PaPiPuPe☆Police-Lyrics-Full,"Jan 6, 2016",151,291
2023-01,FidL0TdBA4g,Pripara-PaPiPuPe☆Police-Lyrics-Full,"Jan 6, 2016",151,384
2023-02,FidL0TdBA4g,Pripara-PaPiPuPe☆Police-Lyrics-Full,"Jan 6, 2016",151,340
2023-03,FidL0TdBA4g,Pripara-PaPiPuPe☆Police-Lyrics-Full,"Jan 6, 2016",151,359
2023-04,FidL0TdBA4g,Pripara-PaPiPuPe☆Police-Lyrics-Full,"Jan 6, 2016",151,307
2023-05,FidL0TdBA4g,Pripara-PaPiPuPe☆Police-Lyrics-Full,"Jan 6, 2016",151,352
2023-06,FidL0TdBA4g,Pripara-PaPiPuPe☆Police-Lyrics-Full,"Jan 6, 2016",151,234
2023-07,FidL0TdBA4g,Pripara-PaPiPuPe☆Police-Lyrics-Full,"Jan 6, 2016",151,303
2023-08,FidL0TdBA4g,Pripara-PaPiPuPe☆Police-Lyrics-Full,"Jan 6, 2016",151,282
2023-09,FidL0TdBA4g,Pripara-PaPiPuPe☆Police-Lyrics-Full,"Jan 6, 2016",151,217
2023-10,FidL0TdBA4g,Pripara-PaPiPuPe☆Police-Lyrics-Full,"Jan 6, 2016",151,218
2023-11,FidL0TdBA4g,Pripara-PaPiPuPe☆Police-Lyrics-Full,"Jan 6, 2016",151,137
2023-12,FidL0TdBA4g,Pripara-PaPiPuPe☆Police-Lyrics-Full,"Jan 6, 2016",151,166
2024-01,FidL0TdBA4g,Pripara-PaPiPuPe☆Police-Lyrics-Full,"Jan 6, 2016",151,181
2024-02,FidL0TdBA4g,Pripara-PaPiPuPe☆Police-Lyrics-Full,"Jan 6, 2016",151,130
2024-03,FidL0TdBA4g,Pripara-PaPiPuPe☆Police-Lyrics-Full,"Jan 6, 2016",151,202
2024-04,FidL0TdBA4g,Pripara-PaPiPuPe☆Police-Lyrics-Full,"Jan 6, 2016",151,218
2024-05,FidL0TdBA4g,Pripara-PaPiPuPe☆Police-Lyrics-Full,"Jan 6, 2016",151,249
2024-06,FidL0TdBA4g,Pripara-PaPiPuPe☆Police-Lyrics-Full,"Jan 6, 2016",151,218
2024-07,FidL0TdBA4g,Pripara-PaPiPuPe☆Police-Lyrics-Full,"Jan 6, 2016",151,155
2024-08,FidL0TdBA4g,Pripara-PaPiPuPe☆Police-Lyrics-Full,"Jan 6, 2016",151,150
2024-09,FidL0TdBA4g,Pripara-PaPiPuPe☆Police-Lyrics-Full,"Jan 6, 2016",151,178
2024-10,FidL0TdBA4g,Pripara-PaPiPuPe☆Police-Lyrics-Full,"Jan 6, 2016",151,175
2024-11,FidL0TdBA4g,Pripara-PaPiPuPe☆Police-Lyrics-Full,"Jan 6, 2016",151,130
2024-12,FidL0TdBA4g,Pripara-PaPiPuPe☆Police-Lyrics-Full,"Jan 6, 2016",151,82
2025-01,FidL0TdBA4g,Pripara-PaPiPuPe☆Police-Lyrics-Full,"Jan 6, 2016",151,117
2025-02,FidL0TdBA4g,Pripara-PaPiPuPe☆Police-Lyrics-Full,"Jan 6, 2016",151,131
2025-03,FidL0TdBA4g,Pripara-PaPiPuPe☆Police-Lyrics-Full,"Jan 6, 2016",151,150
2025-04,FidL0TdBA4g,Pripara-PaPiPuPe☆Police-Lyrics-Full,"Jan 6, 2016",151,88
2025-05,FidL0TdBA4g,Pripara-PaPiPuPe☆Police-Lyrics-Full,"Jan 6, 2016",151,114
2025-06,FidL0TdBA4g,Pripara-PaPiPuPe☆Police-Lyrics-Full,"Jan 6, 2016",151,110
2025-07,FidL0TdBA4g,Pripara-PaPiPuPe☆Police-Lyrics-Full,"Jan 6, 2016",151,64
2025-08,FidL0TdBA4g,Pripara-PaPiPuPe☆Police-Lyrics-Full,"Jan 6, 2016",151,81
2025-09,FidL0TdBA4g,Pripara-PaPiPuPe☆Police-Lyrics-Full,"Jan 6, 2016",151,102
2025-10,FidL0TdBA4g,Pripara-PaPiPuPe☆Police-Lyrics-Full,"Jan 6, 2016",151,112
2025-11,FidL0TdBA4g,Pripara-PaPiPuPe☆Police-Lyrics-Full,"Jan 6, 2016",151,105
2025-12,FidL0TdBA4g,Pripara-PaPiPuPe☆Police-Lyrics-Full,"Jan 6, 2016",151,95
2026-01,FidL0TdBA4g,Pripara-PaPiPuPe☆Police-Lyrics-Full,"Jan 6, 2016",151,58
2026-02,FidL0TdBA4g,Pripara-PaPiPuPe☆Police-Lyrics-Full,"Jan 6, 2016",151,101
2026-03,FidL0TdBA4g,Pripara-PaPiPuPe☆Police-Lyrics-Full,"Jan 6, 2016",151,96
2026-04,FidL0TdBA4g,Pripara-PaPiPuPe☆Police-Lyrics-Full,"Jan 6, 2016",151,74
2026-05,FidL0TdBA4g,Pripara-PaPiPuPe☆Police-Lyrics-Full,"Jan 6, 2016",151,112
2026-06,FidL0TdBA4g,Pripara-PaPiPuPe☆Police-Lyrics-Full,"Jan 6, 2016",151,85
2026-07,FidL0TdBA4g,Pripara-PaPiPuPe☆Police-Lyrics-Full,"Jan 6, 2016",151,68
2026-08,FidL0TdBA4g,Pripara-PaPiPuPe☆Police-Lyrics-Full,"Jan 6, 2016",151,23
2014-12,G-KIZk0VcRM,Pripara AMV-Happy pa lucky,"Jan 28, 2017",285,0
2015-01,G-KIZk0VcRM,Pripara AMV-Happy pa lucky,"Jan 28, 2017",285,0
2015-02,G-KIZk0VcRM,Pripara AMV-Happy pa lucky,"Jan 28, 2017",285,0
2015-03,G-KIZk0VcRM,Pripara AMV-Happy pa lucky,"Jan 28, 2017",285,0
2015-04,G-KIZk0VcRM,Pripara AMV-Happy pa lucky,"Jan 28, 2017",285,0
2015-05,G-KIZk0VcRM,Pripara AMV-Happy pa lucky,"Jan 28, 2017",285,0
2015-06,G-KIZk0VcRM,Pripara AMV-Happy pa lucky,"Jan 28, 2017",285,0
2015-07,G-KIZk0VcRM,Pripara AMV-Happy pa lucky,"Jan 28, 2017",285,0
2015-08,G-KIZk0VcRM,Pripara AMV-Happy pa lucky,"Jan 28, 2017",285,0
2015-09,G-KIZk0VcRM,Pripara AMV-Happy pa lucky,"Jan 28, 2017",285,0
2015-10,G-KIZk0VcRM,Pripara AMV-Happy pa lucky,"Jan 28, 2017",285,0
2015-11,G-KIZk0VcRM,Pripara AMV-Happy pa lucky,"Jan 28, 2017",285,0
2015-12,G-KIZk0VcRM,Pripara AMV-Happy pa lucky,"Jan 28, 2017",285,0
2016-01,G-KIZk0VcRM,Pripara AMV-Happy pa lucky,"Jan 28, 2017",285,0
2016-02,G-KIZk0VcRM,Pripara AMV-Happy pa lucky,"Jan 28, 2017",285,0
2016-03,G-KIZk0VcRM,Pripara AMV-Happy pa lucky,"Jan 28, 2017",285,0
2016-04,G-KIZk0VcRM,Pripara AMV-Happy pa lucky,"Jan 28, 2017",285,0
2016-05,G-KIZk0VcRM,Pripara AMV-Happy pa lucky,"Jan 28, 2017",285,0
2016-06,G-KIZk0VcRM,Pripara AMV-Happy pa lucky,"Jan 28, 2017",285,0
2016-07,G-KIZk0VcRM,Pripara AMV-Happy pa lucky,"Jan 28, 2017",285,0
2016-08,G-KIZk0VcRM,Pripara AMV-Happy pa lucky,"Jan 28, 2017",285,0
2016-09,G-KIZk0VcRM,Pripara AMV-Happy pa lucky,"Jan 28, 2017",285,0
2016-10,G-KIZk0VcRM,Pripara AMV-Happy pa lucky,"Jan 28, 2017",285,0
2016-11,G-KIZk0VcRM,Pripara AMV-Happy pa lucky,"Jan 28, 2017",285,0
2016-12,G-KIZk0VcRM,Pripara AMV-Happy pa lucky,"Jan 28, 2017",285,0
2017-01,G-KIZk0VcRM,Pripara AMV-Happy pa lucky,"Jan 28, 2017",285,141
2017-02,G-KIZk0VcRM,Pripara AMV-Happy pa lucky,"Jan 28, 2017",285,66
2017-03,G-KIZk0VcRM,Pripara AMV-Happy pa lucky,"Jan 28, 2017",285,73
2017-04,G-KIZk0VcRM,Pripara AMV-Happy pa lucky,"Jan 28, 2017",285,59
2017-05,G-KIZk0VcRM,Pripara AMV-Happy pa lucky,"Jan 28, 2017",285,47
2017-06,G-KIZk0VcRM,Pripara AMV-Happy pa lucky,"Jan 28, 2017",285,49
2017-07,G-KIZk0VcRM,Pripara AMV-Happy pa lucky,"Jan 28, 2017",285,25
2017-08,G-KIZk0VcRM,Pripara AMV-Happy pa lucky,"Jan 28, 2017",285,37
2017-09,G-KIZk0VcRM,Pripara AMV-Happy pa lucky,"Jan 28, 2017",285,35
2017-10,G-KIZk0VcRM,Pripara AMV-Happy pa lucky,"Jan 28, 2017",285,29
2017-11,G-KIZk0VcRM,Pripara AMV-Happy pa lucky,"Jan 28, 2017",285,46
2017-12,G-KIZk0VcRM,Pripara AMV-Happy pa lucky,"Jan 28, 2017",285,53
2018-01,G-KIZk0VcRM,Pripara AMV-Happy pa lucky,"Jan 28, 2017",285,65
2018-02,G-KIZk0VcRM,Pripara AMV-Happy pa lucky,"Jan 28, 2017",285,62
2018-03,G-KIZk0VcRM,Pripara AMV-Happy pa lucky,"Jan 28, 2017",285,43
2018-04,G-KIZk0VcRM,Pripara AMV-Happy pa lucky,"Jan 28, 2017",285,38
2018-05,G-KIZk0VcRM,Pripara AMV-Happy pa lucky,"Jan 28, 2017",285,49
2018-06,G-KIZk0VcRM,Pripara AMV-Happy pa lucky,"Jan 28, 2017",285,59
2018-07,G-KIZk0VcRM,Pripara AMV-Happy pa lucky,"Jan 28, 2017",285,28
2018-08,G-KIZk0VcRM,Pripara AMV-Happy pa lucky,"Jan 28, 2017",285,44
2018-09,G-KIZk0VcRM,Pripara AMV-Happy pa lucky,"Jan 28, 2017",285,34
2018-10,G-KIZk0VcRM,Pripara AMV-Happy pa lucky,"Jan 28, 2017",285,37
2018-11,G-KIZk0VcRM,Pripara AMV-Happy pa lucky,"Jan 28, 2017",285,38
2018-12,G-KIZk0VcRM,Pripara AMV-Happy pa lucky,"Jan 28, 2017",285,49
2019-01,G-KIZk0VcRM,Pripara AMV-Happy pa lucky,"Jan 28, 2017",285,47
2019-02,G-KIZk0VcRM,Pripara AMV-Happy pa lucky,"Jan 28, 2017",285,35
2019-03,G-KIZk0VcRM,Pripara AMV-Happy pa lucky,"Jan 28, 2017",285,28
2019-04,G-KIZk0VcRM,Pripara AMV-Happy pa lucky,"Jan 28, 2017",285,54
2019-05,G-KIZk0VcRM,Pripara AMV-Happy pa lucky,"Jan 28, 2017",285,53
2019-06,G-KIZk0VcRM,Pripara AMV-Happy pa lucky,"Jan 28, 2017",285,44
2019-07,G-KIZk0VcRM,Pripara AMV-Happy pa lucky,"Jan 28, 2017",285,49
2019-08,G-KIZk0VcRM,Pripara AMV-Happy pa lucky,"Jan 28, 2017",285,58
2019-09,G-KIZk0VcRM,Pripara AMV-Happy pa lucky,"Jan 28, 2017",285,94
2019-10,G-KIZk0VcRM,Pripara AMV-Happy pa lucky,"Jan 28, 2017",285,49
2019-11,G-KIZk0VcRM,Pripara AMV-Happy pa lucky,"Jan 28, 2017",285,52
2019-12,G-KIZk0VcRM,Pripara AMV-Happy pa lucky,"Jan 28, 2017",285,52
2020-01,G-KIZk0VcRM,Pripara AMV-Happy pa lucky,"Jan 28, 2017",285,63
2020-02,G-KIZk0VcRM,Pripara AMV-Happy pa lucky,"Jan 28, 2017",285,60
2020-03,G-KIZk0VcRM,Pripara AMV-Happy pa lucky,"Jan 28, 2017",285,75
2020-04,G-KIZk0VcRM,Pripara AMV-Happy pa lucky,"Jan 28, 2017",285,124
2020-05,G-KIZk0VcRM,Pripara AMV-Happy pa lucky,"Jan 28, 2017",285,108
2020-06,G-KIZk0VcRM,Pripara AMV-Happy pa lucky,"Jan 28, 2017",285,51
2020-07,G-KIZk0VcRM,Pripara AMV-Happy pa lucky,"Jan 28, 2017",285,34
2020-08,G-KIZk0VcRM,Pripara AMV-Happy pa lucky,"Jan 28, 2017",285,28
2020-09,G-KIZk0VcRM,Pripara AMV-Happy pa lucky,"Jan 28, 2017",285,21
2020-10,G-KIZk0VcRM,Pripara AMV-Happy pa lucky,"Jan 28, 2017",285,47
2020-11,G-KIZk0VcRM,Pripara AMV-Happy pa lucky,"Jan 28, 2017",285,41
2020-12,G-KIZk0VcRM,Pripara AMV-Happy pa lucky,"Jan 28, 2017",285,47
2021-01,G-KIZk0VcRM,Pripara AMV-Happy pa lucky,"Jan 28, 2017",285,118
2021-02,G-KIZk0VcRM,Pripara AMV-Happy pa lucky,"Jan 28, 2017",285,156
2021-03,G-KIZk0VcRM,Pripara AMV-Happy pa lucky,"Jan 28, 2017",285,324
2021-04,G-KIZk0VcRM,Pripara AMV-Happy pa lucky,"Jan 28, 2017",285,502
2021-05,G-KIZk0VcRM,Pripara AMV-Happy pa lucky,"Jan 28, 2017",285,594
2021-06,G-KIZk0VcRM,Pripara AMV-Happy pa lucky,"Jan 28, 2017",285,264
2021-07,G-KIZk0VcRM,Pripara AMV-Happy pa lucky,"Jan 28, 2017",285,292
2021-08,G-KIZk0VcRM,Pripara AMV-Happy pa lucky,"Jan 28, 2017",285,366
2021-09,G-KIZk0VcRM,Pripara AMV-Happy pa lucky,"Jan 28, 2017",285,414
2021-10,G-KIZk0VcRM,Pripara AMV-Happy pa lucky,"Jan 28, 2017",285,493
2021-11,G-KIZk0VcRM,Pripara AMV-Happy pa lucky,"Jan 28, 2017",285,603
2021-12,G-KIZk0VcRM,Pripara AMV-Happy pa lucky,"Jan 28, 2017",285,1217
2022-01,G-KIZk0VcRM,Pripara AMV-Happy pa lucky,"Jan 28, 2017",285,2076
2022-02,G-KIZk0VcRM,Pripara AMV-Happy pa lucky,"Jan 28, 2017",285,5151
2022-03,G-KIZk0VcRM,Pripara AMV-Happy pa lucky,"Jan 28, 2017",285,10062
2022-04,G-KIZk0VcRM,Pripara AMV-Happy pa lucky,"Jan 28, 2017",285,9000
2022-05,G-KIZk0VcRM,Pripara AMV-Happy pa lucky,"Jan 28, 2017",285,10140
2022-06,G-KIZk0VcRM,Pripara AMV-Happy pa lucky,"Jan 28, 2017",285,10237
2022-07,G-KIZk0VcRM,Pripara AMV-Happy pa lucky,"Jan 28, 2017",285,10238
2022-08,G-KIZk0VcRM,Pripara AMV-Happy pa lucky,"Jan 28, 2017",285,11978
2022-09,G-KIZk0VcRM,Pripara AMV-Happy pa lucky,"Jan 28, 2017",285,13257
2022-10,G-KIZk0VcRM,Pripara AMV-Happy pa lucky,"Jan 28, 2017",285,13256
2022-11,G-KIZk0VcRM,Pripara AMV-Happy pa lucky,"Jan 28, 2017",285,13902
2022-12,G-KIZk0VcRM,Pripara AMV-Happy pa lucky,"Jan 28, 2017",285,14207
2023-01,G-KIZk0VcRM,Pripara AMV-Happy pa lucky,"Jan 28, 2017",285,13175
2023-02,G-KIZk0VcRM,Pripara AMV-Happy pa lucky,"Jan 28, 2017",285,11404
2023-03,G-KIZk0VcRM,Pripara AMV-Happy pa lucky,"Jan 28, 2017",285,12763
2023-04,G-KIZk0VcRM,Pripara AMV-Happy pa lucky,"Jan 28, 2017",285,9926
2023-05,G-KIZk0VcRM,Pripara AMV-Happy pa lucky,"Jan 28, 2017",285,9250
2023-06,G-KIZk0VcRM,Pripara AMV-Happy pa lucky,"Jan 28, 2017",285,11715
2023-07,G-KIZk0VcRM,Pripara AMV-Happy pa lucky,"Jan 28, 2017",285,13821
2023-08,G-KIZk0VcRM,Pripara AMV-Happy pa lucky,"Jan 28, 2017",285,17871
2023-09,G-KIZk0VcRM,Pripara AMV-Happy pa lucky,"Jan 28, 2017",285,6872
2023-10,G-KIZk0VcRM,Pripara AMV-Happy pa lucky,"Jan 28, 2017",285,7241
2023-11,G-KIZk0VcRM,Pripara AMV-Happy pa lucky,"Jan 28, 2017",285,9434
2023-12,G-KIZk0VcRM,Pripara AMV-Happy pa lucky,"Jan 28, 2017",285,12604
2024-01,G-KIZk0VcRM,Pripara AMV-Happy pa lucky,"Jan 28, 2017",285,14374
2024-02,G-KIZk0VcRM,Pripara AMV-Happy pa lucky,"Jan 28, 2017",285,13628
2024-03,G-KIZk0VcRM,Pripara AMV-Happy pa lucky,"Jan 28, 2017",285,11867
2024-04,G-KIZk0VcRM,Pripara AMV-Happy pa lucky,"Jan 28, 2017",285,10689
2024-05,G-KIZk0VcRM,Pripara AMV-Happy pa lucky,"Jan 28, 2017",285,12317
2024-06,G-KIZk0VcRM,Pripara AMV-Happy pa lucky,"Jan 28, 2017",285,10208
2024-07,G-KIZk0VcRM,Pripara AMV-Happy pa lucky,"Jan 28, 2017",285,11629
2024-08,G-KIZk0VcRM,Pripara AMV-Happy pa lucky,"Jan 28, 2017",285,11967
2024-09,G-KIZk0VcRM,Pripara AMV-Happy pa lucky,"Jan 28, 2017",285,9390
2024-10,G-KIZk0VcRM,Pripara AMV-Happy pa lucky,"Jan 28, 2017",285,8927
2024-11,G-KIZk0VcRM,Pripara AMV-Happy pa lucky,"Jan 28, 2017",285,8241
2024-12,G-KIZk0VcRM,Pripara AMV-Happy pa lucky,"Jan 28, 2017",285,9417
2025-01,G-KIZk0VcRM,Pripara AMV-Happy pa lucky,"Jan 28, 2017",285,7831
2025-02,G-KIZk0VcRM,Pripara AMV-Happy pa lucky,"Jan 28, 2017",285,7160
2025-03,G-KIZk0VcRM,Pripara AMV-Happy pa lucky,"Jan 28, 2017",285,6688
2025-04,G-KIZk0VcRM,Pripara AMV-Happy pa lucky,"Jan 28, 2017",285,6483
2025-05,G-KIZk0VcRM,Pripara AMV-Happy pa lucky,"Jan 28, 2017",285,8031
2025-06,G-KIZk0VcRM,Pripara AMV-Happy pa lucky,"Jan 28, 2017",285,7485
2025-07,G-KIZk0VcRM,Pripara AMV-Happy pa lucky,"Jan 28, 2017",285,7286
2025-08,G-KIZk0VcRM,Pripara AMV-Happy pa lucky,"Jan 28, 2017",285,7649
2025-09,G-KIZk0VcRM,Pripara AMV-Happy pa lucky,"Jan 28, 2017",285,6407
2025-10,G-KIZk0VcRM,Pripara AMV-Happy pa lucky,"Jan 28, 2017",285,12784
2025-11,G-KIZk0VcRM,Pripara AMV-Happy pa lucky,"Jan 28, 2017",285,7443
2025-12,G-KIZk0VcRM,Pripara AMV-Happy pa lucky,"Jan 28, 2017",285,5973
2026-01,G-KIZk0VcRM,Pripara AMV-Happy pa lucky,"Jan 28, 2017",285,4834
2026-02,G-KIZk0VcRM,Pripara AMV-Happy pa lucky,"Jan 28, 2017",285,6339
2026-03,G-KIZk0VcRM,Pripara AMV-Happy pa lucky,"Jan 28, 2017",285,6574
2026-04,G-KIZk0VcRM,Pripara AMV-Happy pa lucky,"Jan 28, 2017",285,5956
2026-05,G-KIZk0VcRM,Pripara AMV-Happy pa lucky,"Jan 28, 2017",285,6972
2026-06,G-KIZk0VcRM,Pripara AMV-Happy pa lucky,"Jan 28, 2017",285,5662
2026-07,G-KIZk0VcRM,Pripara AMV-Happy pa lucky,"Jan 28, 2017",285,5815
2026-08,G-KIZk0VcRM,Pripara AMV-Happy pa lucky,"Jan 28, 2017",285,1932
2014-12,N522pHt7QTI,Pripara-Happy Pa Lucky-Full-Lyrics,"Jun 1, 2015",285,0
2015-01,N522pHt7QTI,Pripara-Happy Pa Lucky-Full-Lyrics,"Jun 1, 2015",285,0
2015-02,N522pHt7QTI,Pripara-Happy Pa Lucky-Full-Lyrics,"Jun 1, 2015",285,0
2015-03,N522pHt7QTI,Pripara-Happy Pa Lucky-Full-Lyrics,"Jun 1, 2015",285,0
2015-04,N522pHt7QTI,Pripara-Happy Pa Lucky-Full-Lyrics,"Jun 1, 2015",285,0
2015-05,N522pHt7QTI,Pripara-Happy Pa Lucky-Full-Lyrics,"Jun 1, 2015",285,11
2015-06,N522pHt7QTI,Pripara-Happy Pa Lucky-Full-Lyrics,"Jun 1, 2015",285,435
2015-07,N522pHt7QTI,Pripara-Happy Pa Lucky-Full-Lyrics,"Jun 1, 2015",285,858
2015-08,N522pHt7QTI,Pripara-Happy Pa Lucky-Full-Lyrics,"Jun 1, 2015",285,1110
2015-09,N522pHt7QTI,Pripara-Happy Pa Lucky-Full-Lyrics,"Jun 1, 2015",285,1119
2015-10,N522pHt7QTI,Pripara-Happy Pa Lucky-Full-Lyrics,"Jun 1, 2015",285,1047
2015-11,N522pHt7QTI,Pripara-Happy Pa Lucky-Full-Lyrics,"Jun 1, 2015",285,969
2015-12,N522pHt7QTI,Pripara-Happy Pa Lucky-Full-Lyrics,"Jun 1, 2015",285,1250
2016-01,N522pHt7QTI,Pripara-Happy Pa Lucky-Full-Lyrics,"Jun 1, 2015",285,2290
2016-02,N522pHt7QTI,Pripara-Happy Pa Lucky-Full-Lyrics,"Jun 1, 2015",285,2684
2016-03,N522pHt7QTI,Pripara-Happy Pa Lucky-Full-Lyrics,"Jun 1, 2015",285,3208
2016-04,N522pHt7QTI,Pripara-Happy Pa Lucky-Full-Lyrics,"Jun 1, 2015",285,2579
2016-05,N522pHt7QTI,Pripara-Happy Pa Lucky-Full-Lyrics,"Jun 1, 2015",285,3047
2016-06,N522pHt7QTI,Pripara-Happy Pa Lucky-Full-Lyrics,"Jun 1, 2015",285,2551
2016-07,N522pHt7QTI,Pripara-Happy Pa Lucky-Full-Lyrics,"Jun 1, 2015",285,2635
2016-08,N522pHt7QTI,Pripara-Happy Pa Lucky-Full-Lyrics,"Jun 1, 2015",285,3026
2016-09,N522pHt7QTI,Pripara-Happy Pa Lucky-Full-Lyrics,"Jun 1, 2015",285,2136
2016-10,N522pHt7QTI,Pripara-Happy Pa Lucky-Full-Lyrics,"Jun 1, 2015",285,2768
2016-11,N522pHt7QTI,Pripara-Happy Pa Lucky-Full-Lyrics,"Jun 1, 2015",285,3088
2016-12,N522pHt7QTI,Pripara-Happy Pa Lucky-Full-Lyrics,"Jun 1, 2015",285,3216
2017-01,N522pHt7QTI,Pripara-Happy Pa Lucky-Full-Lyrics,"Jun 1, 2015",285,2906
2017-02,N522pHt7QTI,Pripara-Happy Pa Lucky-Full-Lyrics,"Jun 1, 2015",285,2962
2017-03,N522pHt7QTI,Pripara-Happy Pa Lucky-Full-Lyrics,"Jun 1, 2015",285,3636
2017-04,N522pHt7QTI,Pripara-Happy Pa Lucky-Full-Lyrics,"Jun 1, 2015",285,4273
2017-05,N522pHt7QTI,Pripara-Happy Pa Lucky-Full-Lyrics,"Jun 1, 2015",285,5604
2017-06,N522pHt7QTI,Pripara-Happy Pa Lucky-Full-Lyrics,"Jun 1, 2015",285,5534
2017-07,N522pHt7QTI,Pripara-Happy Pa Lucky-Full-Lyrics,"Jun 1, 2015",285,4941
2017-08,N522pHt7QTI,Pripara-Happy Pa Lucky-Full-Lyrics,"Jun 1, 2015",285,4830
2017-09,N522pHt7QTI,Pripara-Happy Pa Lucky-Full-Lyrics,"Jun 1, 2015",285,4476
2017-10,N522pHt7QTI,Pripara-Happy Pa Lucky-Full-Lyrics,"Jun 1, 2015",285,3963
2017-11,N522pHt7QTI,Pripara-Happy Pa Lucky-Full-Lyrics,"Jun 1, 2015",285,3574
2017-12,N522pHt7QTI,Pripara-Happy Pa Lucky-Full-Lyrics,"Jun 1, 2015",285,4498
2018-01,N522pHt7QTI,Pripara-Happy Pa Lucky-Full-Lyrics,"Jun 1, 2015",285,4249
2018-02,N522pHt7QTI,Pripara-Happy Pa Lucky-Full-Lyrics,"Jun 1, 2015",285,4480
2018-03,N522pHt7QTI,Pripara-Happy Pa Lucky-Full-Lyrics,"Jun 1, 2015",285,5342
2018-04,N522pHt7QTI,Pripara-Happy Pa Lucky-Full-Lyrics,"Jun 1, 2015",285,5271
2018-05,N522pHt7QTI,Pripara-Happy Pa Lucky-Full-Lyrics,"Jun 1, 2015",285,5166
2018-06,N522pHt7QTI,Pripara-Happy Pa Lucky-Full-Lyrics,"Jun 1, 2015",285,5536
2018-07,N522pHt7QTI,Pripara-Happy Pa Lucky-Full-Lyrics,"Jun 1, 2015",285,5762
2018-08,N522pHt7QTI,Pripara-Happy Pa Lucky-Full-Lyrics,"Jun 1, 2015",285,6631
2018-09,N522pHt7QTI,Pripara-Happy Pa Lucky-Full-Lyrics,"Jun 1, 2015",285,9182
2018-10,N522pHt7QTI,Pripara-Happy Pa Lucky-Full-Lyrics,"Jun 1, 2015",285,9279
2018-11,N522pHt7QTI,Pripara-Happy Pa Lucky-Full-Lyrics,"Jun 1, 2015",285,4359
2018-12,N522pHt7QTI,Pripara-Happy Pa Lucky-Full-Lyrics,"Jun 1, 2015",285,4443
2019-01,N522pHt7QTI,Pripara-Happy Pa Lucky-Full-Lyrics,"Jun 1, 2015",285,4685
2019-02,N522pHt7QTI,Pripara-Happy Pa Lucky-Full-Lyrics,"Jun 1, 2015",285,3513
2019-03,N522pHt7QTI,Pripara-Happy Pa Lucky-Full-Lyrics,"Jun 1, 2015",285,3197
2019-04,N522pHt7QTI,Pripara-Happy Pa Lucky-Full-Lyrics,"Jun 1, 2015",285,2474
2019-05,N522pHt7QTI,Pripara-Happy Pa Lucky-Full-Lyrics,"Jun 1, 2015",285,2922
2019-06,N522pHt7QTI,Pripara-Happy Pa Lucky-Full-Lyrics,"Jun 1, 2015",285,2129
2019-07,N522pHt7QTI,Pripara-Happy Pa Lucky-Full-Lyrics,"Jun 1, 2015",285,1622
2019-08,N522pHt7QTI,Pripara-Happy Pa Lucky-Full-Lyrics,"Jun 1, 2015",285,1555
2019-09,N522pHt7QTI,Pripara-Happy Pa Lucky-Full-Lyrics,"Jun 1, 2015",285,1608
2019-10,N522pHt7QTI,Pripara-Happy Pa Lucky-Full-Lyrics,"Jun 1, 2015",285,1720
2019-11,N522pHt7QTI,Pripara-Happy Pa Lucky-Full-Lyrics,"Jun 1, 2015",285,1662
2019-12,N522pHt7QTI,Pripara-Happy Pa Lucky-Full-Lyrics,"Jun 1, 2015",285,1802
2020-01,N522pHt7QTI,Pripara-Happy Pa Lucky-Full-Lyrics,"Jun 1, 2015",285,1640
2020-02,N522pHt7QTI,Pripara-Happy Pa Lucky-Full-Lyrics,"Jun 1, 2015",285,1310
2020-03,N522pHt7QTI,Pripara-Happy Pa Lucky-Full-Lyrics,"Jun 1, 2015",285,1640
2020-04,N522pHt7QTI,Pripara-Happy Pa Lucky-Full-Lyrics,"Jun 1, 2015",285,1910
2020-05,N522pHt7QTI,Pripara-Happy Pa Lucky-Full-Lyrics,"Jun 1, 2015",285,1965
2020-06,N522pHt7QTI,Pripara-Happy Pa Lucky-Full-Lyrics,"Jun 1, 2015",285,1929
2020-07,N522pHt7QTI,Pripara-Happy Pa Lucky-Full-Lyrics,"Jun 1, 2015",285,1473
2020-08,N522pHt7QTI,Pripara-Happy Pa Lucky-Full-Lyrics,"Jun 1, 2015",285,1376
2020-09,N522pHt7QTI,Pripara-Happy Pa Lucky-Full-Lyrics,"Jun 1, 2015",285,1227
2020-10,N522pHt7QTI,Pripara-Happy Pa Lucky-Full-Lyrics,"Jun 1, 2015",285,970
2020-11,N522pHt7QTI,Pripara-Happy Pa Lucky-Full-Lyrics,"Jun 1, 2015",285,901
2020-12,N522pHt7QTI,Pripara-Happy Pa Lucky-Full-Lyrics,"Jun 1, 2015",285,897
2021-01,N522pHt7QTI,Pripara-Happy Pa Lucky-Full-Lyrics,"Jun 1, 2015",285,1962
2021-02,N522pHt7QTI,Pripara-Happy Pa Lucky-Full-Lyrics,"Jun 1, 2015",285,2528
2021-03,N522pHt7QTI,Pripara-Happy Pa Lucky-Full-Lyrics,"Jun 1, 2015",285,2206
2021-04,N522pHt7QTI,Pripara-Happy Pa Lucky-Full-Lyrics,"Jun 1, 2015",285,1050
2021-05,N522pHt7QTI,Pripara-Happy Pa Lucky-Full-Lyrics,"Jun 1, 2015",285,821
2021-06,N522pHt7QTI,Pripara-Happy Pa Lucky-Full-Lyrics,"Jun 1, 2015",285,817
2021-07,N522pHt7QTI,Pripara-Happy Pa Lucky-Full-Lyrics,"Jun 1, 2015",285,1496
2021-08,N522pHt7QTI,Pripara-Happy Pa Lucky-Full-Lyrics,"Jun 1, 2015",285,1598
2021-09,N522pHt7QTI,Pripara-Happy Pa Lucky-Full-Lyrics,"Jun 1, 2015",285,1569
2021-10,N522pHt7QTI,Pripara-Happy Pa Lucky-Full-Lyrics,"Jun 1, 2015",285,1347
2021-11,N522pHt7QTI,Pripara-Happy Pa Lucky-Full-Lyrics,"Jun 1, 2015",285,968
2021-12,N522pHt7QTI,Pripara-Happy Pa Lucky-Full-Lyrics,"Jun 1, 2015",285,812
2022-01,N522pHt7QTI,Pripara-Happy Pa Lucky-Full-Lyrics,"Jun 1, 2015",285,884
2022-02,N522pHt7QTI,Pripara-Happy Pa Lucky-Full-Lyrics,"Jun 1, 2015",285,766
2022-03,N522pHt7QTI,Pripara-Happy Pa Lucky-Full-Lyrics,"Jun 1, 2015",285,721
2022-04,N522pHt7QTI,Pripara-Happy Pa Lucky-Full-Lyrics,"Jun 1, 2015",285,386
2022-05,N522pHt7QTI,Pripara-Happy Pa Lucky-Full-Lyrics,"Jun 1, 2015",285,538
2022-06,N522pHt7QTI,Pripara-Happy Pa Lucky-Full-Lyrics,"Jun 1, 2015",285,587
2022-07,N522pHt7QTI,Pripara-Happy Pa Lucky-Full-Lyrics,"Jun 1, 2015",285,480
2022-08,N522pHt7QTI,Pripara-Happy Pa Lucky-Full-Lyrics,"Jun 1, 2015",285,374
2022-09,N522pHt7QTI,Pripara-Happy Pa Lucky-Full-Lyrics,"Jun 1, 2015",285,285
2022-10,N522pHt7QTI,Pripara-Happy Pa Lucky-Full-Lyrics,"Jun 1, 2015",285,258
2022-11,N522pHt7QTI,Pripara-Happy Pa Lucky-Full-Lyrics,"Jun 1, 2015",285,242
2022-12,N522pHt7QTI,Pripara-Happy Pa Lucky-Full-Lyrics,"Jun 1, 2015",285,213
2023-01,N522pHt7QTI,Pripara-Happy Pa Lucky-Full-Lyrics,"Jun 1, 2015",285,261
2023-02,N522pHt7QTI,Pripara-Happy Pa Lucky-Full-Lyrics,"Jun 1, 2015",285,152
2023-03,N522pHt7QTI,Pripara-Happy Pa Lucky-Full-Lyrics,"Jun 1, 2015",285,167
2023-04,N522pHt7QTI,Pripara-Happy Pa Lucky-Full-Lyrics,"Jun 1, 2015",285,189
2023-05,N522pHt7QTI,Pripara-Happy Pa Lucky-Full-Lyrics,"Jun 1, 2015",285,225
2023-06,N522pHt7QTI,Pripara-Happy Pa Lucky-Full-Lyrics,"Jun 1, 2015",285,155
2023-07,N522pHt7QTI,Pripara-Happy Pa Lucky-Full-Lyrics,"Jun 1, 2015",285,233
2023-08,N522pHt7QTI,Pripara-Happy Pa Lucky-Full-Lyrics,"Jun 1, 2015",285,331
2023-09,N522pHt7QTI,Pripara-Happy Pa Lucky-Full-Lyrics,"Jun 1, 2015",285,227
2023-10,N522pHt7QTI,Pripara-Happy Pa Lucky-Full-Lyrics,"Jun 1, 2015",285,201
2023-11,N522pHt7QTI,Pripara-Happy Pa Lucky-Full-Lyrics,"Jun 1, 2015",285,298
2023-12,N522pHt7QTI,Pripara-Happy Pa Lucky-Full-Lyrics,"Jun 1, 2015",285,195
2024-01,N522pHt7QTI,Pripara-Happy Pa Lucky-Full-Lyrics,"Jun 1, 2015",285,145
2024-02,N522pHt7QTI,Pripara-Happy Pa Lucky-Full-Lyrics,"Jun 1, 2015",285,136
2024-03,N522pHt7QTI,Pripara-Happy Pa Lucky-Full-Lyrics,"Jun 1, 2015",285,148
2024-04,N522pHt7QTI,Pripara-Happy Pa Lucky-Full-Lyrics,"Jun 1, 2015",285,158
2024-05,N522pHt7QTI,Pripara-Happy Pa Lucky-Full-Lyrics,"Jun 1, 2015",285,154
2024-06,N522pHt7QTI,Pripara-Happy Pa Lucky-Full-Lyrics,"Jun 1, 2015",285,145
2024-07,N522pHt7QTI,Pripara-Happy Pa Lucky-Full-Lyrics,"Jun 1, 2015",285,137
2024-08,N522pHt7QTI,Pripara-Happy Pa Lucky-Full-Lyrics,"Jun 1, 2015",285,135
2024-09,N522pHt7QTI,Pripara-Happy Pa Lucky-Full-Lyrics,"Jun 1, 2015",285,149
2024-10,N522pHt7QTI,Pripara-Happy Pa Lucky-Full-Lyrics,"Jun 1, 2015",285,128
2024-11,N522pHt7QTI,Pripara-Happy Pa Lucky-Full-Lyrics,"Jun 1, 2015",285,153
2024-12,N522pHt7QTI,Pripara-Happy Pa Lucky-Full-Lyrics,"Jun 1, 2015",285,111
2025-01,N522pHt7QTI,Pripara-Happy Pa Lucky-Full-Lyrics,"Jun 1, 2015",285,113
2025-02,N522pHt7QTI,Pripara-Happy Pa Lucky-Full-Lyrics,"Jun 1, 2015",285,91
2025-03,N522pHt7QTI,Pripara-Happy Pa Lucky-Full-Lyrics,"Jun 1, 2015",285,96
2025-04,N522pHt7QTI,Pripara-Happy Pa Lucky-Full-Lyrics,"Jun 1, 2015",285,102
2025-05,N522pHt7QTI,Pripara-Happy Pa Lucky-Full-Lyrics,"Jun 1, 2015",285,109
2025-06,N522pHt7QTI,Pripara-Happy Pa Lucky-Full-Lyrics,"Jun 1, 2015",285,87
2025-07,N522pHt7QTI,Pripara-Happy Pa Lucky-Full-Lyrics,"Jun 1, 2015",285,93
2025-08,N522pHt7QTI,Pripara-Happy Pa Lucky-Full-Lyrics,"Jun 1, 2015",285,117
2025-09,N522pHt7QTI,Pripara-Happy Pa Lucky-Full-Lyrics,"Jun 1, 2015",285,93
2025-10,N522pHt7QTI,Pripara-Happy Pa Lucky-Full-Lyrics,"Jun 1, 2015",285,74
2025-11,N522pHt7QTI,Pripara-Happy Pa Lucky-Full-Lyrics,"Jun 1, 2015",285,49
2025-12,N522pHt7QTI,Pripara-Happy Pa Lucky-Full-Lyrics,"Jun 1, 2015",285,87
2026-01,N522pHt7QTI,Pripara-Happy Pa Lucky-Full-Lyrics,"Jun 1, 2015",285,104
2026-02,N522pHt7QTI,Pripara-Happy Pa Lucky-Full-Lyrics,"Jun 1, 2015",285,65
2026-03,N522pHt7QTI,Pripara-Happy Pa Lucky-Full-Lyrics,"Jun 1, 2015",285,54
2026-04,N522pHt7QTI,Pripara-Happy Pa Lucky-Full-Lyrics,"Jun 1, 2015",285,92
2026-05,N522pHt7QTI,Pripara-Happy Pa Lucky-Full-Lyrics,"Jun 1, 2015",285,80
2026-06,N522pHt7QTI,Pripara-Happy Pa Lucky-Full-Lyrics,"Jun 1, 2015",285,124
2026-07,N522pHt7QTI,Pripara-Happy Pa Lucky-Full-Lyrics,"Jun 1, 2015",285,87
2026-08,N522pHt7QTI,Pripara-Happy Pa Lucky-Full-Lyrics,"Jun 1, 2015",285,39
2014-12,_ZUFjmy5xSI,Aikatsu-Wake up my music full lyrics,"Jan 29, 2015",286,0
2015-01,_ZUFjmy5xSI,Aikatsu-Wake up my music full lyrics,"Jan 29, 2015",286,9
2015-02,_ZUFjmy5xSI,Aikatsu-Wake up my music full lyrics,"Jan 29, 2015",286,184
2015-03,_ZUFjmy5xSI,Aikatsu-Wake up my music full lyrics,"Jan 29, 2015",286,826
2015-04,_ZUFjmy5xSI,Aikatsu-Wake up my music full lyrics,"Jan 29, 2015",286,2839
2015-05,_ZUFjmy5xSI,Aikatsu-Wake up my music full lyrics,"Jan 29, 2015",286,5224
2015-06,_ZUFjmy5xSI,Aikatsu-Wake up my music full lyrics,"Jan 29, 2015",286,8604
2015-07,_ZUFjmy5xSI,Aikatsu-Wake up my music full lyrics,"Jan 29, 2015",286,9216
2015-08,_ZUFjmy5xSI,Aikatsu-Wake up my music full lyrics,"Jan 29, 2015",286,10966
2015-09,_ZUFjmy5xSI,Aikatsu-Wake up my music full lyrics,"Jan 29, 2015",286,7930
2015-10,_ZUFjmy5xSI,Aikatsu-Wake up my music full lyrics,"Jan 29, 2015",286,9365
2015-11,_ZUFjmy5xSI,Aikatsu-Wake up my music full lyrics,"Jan 29, 2015",286,6989
2015-12,_ZUFjmy5xSI,Aikatsu-Wake up my music full lyrics,"Jan 29, 2015",286,9611
2016-01,_ZUFjmy5xSI,Aikatsu-Wake up my music full lyrics,"Jan 29, 2015",286,8691
2016-02,_ZUFjmy5xSI,Aikatsu-Wake up my music full lyrics,"Jan 29, 2015",286,9290
2016-03,_ZUFjmy5xSI,Aikatsu-Wake up my music full lyrics,"Jan 29, 2015",286,8084
2016-04,_ZUFjmy5xSI,Aikatsu-Wake up my music full lyrics,"Jan 29, 2015",286,8227
2016-05,_ZUFjmy5xSI,Aikatsu-Wake up my music full lyrics,"Jan 29, 2015",286,7709
2016-06,_ZUFjmy5xSI,Aikatsu-Wake up my music full lyrics,"Jan 29, 2015",286,7751
2016-07,_ZUFjmy5xSI,Aikatsu-Wake up my music full lyrics,"Jan 29, 2015",286,7936
2016-08,_ZUFjmy5xSI,Aikatsu-Wake up my music full lyrics,"Jan 29, 2015",286,7102
2016-09,_ZUFjmy5xSI,Aikatsu-Wake up my music full lyrics,"Jan 29, 2015",286,5368
2016-10,_ZUFjmy5xSI,Aikatsu-Wake up my music full lyrics,"Jan 29, 2015",286,4968
2016-11,_ZUFjmy5xSI,Aikatsu-Wake up my music full lyrics,"Jan 29, 2015",286,5050
2016-12,_ZUFjmy5xSI,Aikatsu-Wake up my music full lyrics,"Jan 29, 2015",286,5980
2017-01,_ZUFjmy5xSI,Aikatsu-Wake up my music full lyrics,"Jan 29, 2015",286,5627
2017-02,_ZUFjmy5xSI,Aikatsu-Wake up my music full lyrics,"Jan 29, 2015",286,5132
2017-03,_ZUFjmy5xSI,Aikatsu-Wake up my music full lyrics,"Jan 29, 2015",286,5490
2017-04,_ZUFjmy5xSI,Aikatsu-Wake up my music full lyrics,"Jan 29, 2015",286,5245
2017-05,_ZUFjmy5xSI,Aikatsu-Wake up my music full lyrics,"Jan 29, 2015",286,5155
2017-06,_ZUFjmy5xSI,Aikatsu-Wake up my music full lyrics,"Jan 29, 2015",286,6022
2017-07,_ZUFjmy5xSI,Aikatsu-Wake up my music full lyrics,"Jan 29, 2015",286,6219
2017-08,_ZUFjmy5xSI,Aikatsu-Wake up my music full lyrics,"Jan 29, 2015",286,5132
2017-09,_ZUFjmy5xSI,Aikatsu-Wake up my music full lyrics,"Jan 29, 2015",286,4069
2017-10,_ZUFjmy5xSI,Aikatsu-Wake up my music full lyrics,"Jan 29, 2015",286,3281
2017-11,_ZUFjmy5xSI,Aikatsu-Wake up my music full lyrics,"Jan 29, 2015",286,2996
2017-12,_ZUFjmy5xSI,Aikatsu-Wake up my music full lyrics,"Jan 29, 2015",286,3418
2018-01,_ZUFjmy5xSI,Aikatsu-Wake up my music full lyrics,"Jan 29, 2015",286,2890
2018-02,_ZUFjmy5xSI,Aikatsu-Wake up my music full lyrics,"Jan 29, 2015",286,3365
2018-03,_ZUFjmy5xSI,Aikatsu-Wake up my music full lyrics,"Jan 29, 2015",286,4525
2018-04,_ZUFjmy5xSI,Aikatsu-Wake up my music full lyrics,"Jan 29, 2015",286,3516
2018-05,_ZUFjmy5xSI,Aikatsu-Wake up my music full lyrics,"Jan 29, 2015",286,3215
2018-06,_ZUFjmy5xSI,Aikatsu-Wake up my music full lyrics,"Jan 29, 2015",286,2995
2018-07,_ZUFjmy5xSI,Aikatsu-Wake up my music full lyrics,"Jan 29, 2015",286,2335
2018-08,_ZUFjmy5xSI,Aikatsu-Wake up my music full lyrics,"Jan 29, 2015",286,2134
2018-09,_ZUFjmy5xSI,Aikatsu-Wake up my music full lyrics,"Jan 29, 2015",286,2102
2018-10,_ZUFjmy5xSI,Aikatsu-Wake up my music full lyrics,"Jan 29, 2015",286,1728
2018-11,_ZUFjmy5xSI,Aikatsu-Wake up my music full lyrics,"Jan 29, 2015",286,1203
2018-12,_ZUFjmy5xSI,Aikatsu-Wake up my music full lyrics,"Jan 29, 2015",286,1685
2019-01,_ZUFjmy5xSI,Aikatsu-Wake up my music full lyrics,"Jan 29, 2015",286,1629
2019-02,_ZUFjmy5xSI,Aikatsu-Wake up my music full lyrics,"Jan 29, 2015",286,1554
2019-03,_ZUFjmy5xSI,Aikatsu-Wake up my music full lyrics,"Jan 29, 2015",286,1098
2019-04,_ZUFjmy5xSI,Aikatsu-Wake up my music full lyrics,"Jan 29, 2015",286,935
2019-05,_ZUFjmy5xSI,Aikatsu-Wake up my music full lyrics,"Jan 29, 2015",286,878
2019-06,_ZUFjmy5xSI,Aikatsu-Wake up my music full lyrics,"Jan 29, 2015",286,718
2019-07,_ZUFjmy5xSI,Aikatsu-Wake up my music full lyrics,"Jan 29, 2015",286,759
2019-08,_ZUFjmy5xSI,Aikatsu-Wake up my music full lyrics,"Jan 29, 2015",286,751
2019-09,_ZUFjmy5xSI,Aikatsu-Wake up my music full lyrics,"Jan 29, 2015",286,502
2019-10,_ZUFjmy5xSI,Aikatsu-Wake up my music full lyrics,"Jan 29, 2015",286,540
2019-11,_ZUFjmy5xSI,Aikatsu-Wake up my music full lyrics,"Jan 29, 2015",286,529
2019-12,_ZUFjmy5xSI,Aikatsu-Wake up my music full lyrics,"Jan 29, 2015",286,393
2020-01,_ZUFjmy5xSI,Aikatsu-Wake up my music full lyrics,"Jan 29, 2015",286,703
2020-02,_ZUFjmy5xSI,Aikatsu-Wake up my music full lyrics,"Jan 29, 2015",286,582
2020-03,_ZUFjmy5xSI,Aikatsu-Wake up my music full lyrics,"Jan 29, 2015",286,658
2020-04,_ZUFjmy5xSI,Aikatsu-Wake up my music full lyrics,"Jan 29, 2015",286,490
2020-05,_ZUFjmy5xSI,Aikatsu-Wake up my music full lyrics,"Jan 29, 2015",286,434
2020-06,_ZUFjmy5xSI,Aikatsu-Wake up my music full lyrics,"Jan 29, 2015",286,343
2020-07,_ZUFjmy5xSI,Aikatsu-Wake up my music full lyrics,"Jan 29, 2015",286,394
2020-08,_ZUFjmy5xSI,Aikatsu-Wake up my music full lyrics,"Jan 29, 2015",286,367
2020-09,_ZUFjmy5xSI,Aikatsu-Wake up my music full lyrics,"Jan 29, 2015",286,251
2020-10,_ZUFjmy5xSI,Aikatsu-Wake up my music full lyrics,"Jan 29, 2015",286,220
2020-11,_ZUFjmy5xSI,Aikatsu-Wake up my music full lyrics,"Jan 29, 2015",286,221
2020-12,_ZUFjmy5xSI,Aikatsu-Wake up my music full lyrics,"Jan 29, 2015",286,241
2021-01,_ZUFjmy5xSI,Aikatsu-Wake up my music full lyrics,"Jan 29, 2015",286,165
2021-02,_ZUFjmy5xSI,Aikatsu-Wake up my music full lyrics,"Jan 29, 2015",286,171
2021-03,_ZUFjmy5xSI,Aikatsu-Wake up my music full lyrics,"Jan 29, 2015",286,168
2021-04,_ZUFjmy5xSI,Aikatsu-Wake up my music full lyrics,"Jan 29, 2015",286,132
2021-05,_ZUFjmy5xSI,Aikatsu-Wake up my music full lyrics,"Jan 29, 2015",286,190
2021-06,_ZUFjmy5xSI,Aikatsu-Wake up my music full lyrics,"Jan 29, 2015",286,236
2021-07,_ZUFjmy5xSI,Aikatsu-Wake up my music full lyrics,"Jan 29, 2015",286,225
2021-08,_ZUFjmy5xSI,Aikatsu-Wake up my music full lyrics,"Jan 29, 2015",286,286
2021-09,_ZUFjmy5xSI,Aikatsu-Wake up my music full lyrics,"Jan 29, 2015",286,241
2021-10,_ZUFjmy5xSI,Aikatsu-Wake up my music full lyrics,"Jan 29, 2015",286,243
2021-11,_ZUFjmy5xSI,Aikatsu-Wake up my music full lyrics,"Jan 29, 2015",286,236
2021-12,_ZUFjmy5xSI,Aikatsu-Wake up my music full lyrics,"Jan 29, 2015",286,283
2022-01,_ZUFjmy5xSI,Aikatsu-Wake up my music full lyrics,"Jan 29, 2015",286,373
2022-02,_ZUFjmy5xSI,Aikatsu-Wake up my music full lyrics,"Jan 29, 2015",286,380
2022-03,_ZUFjmy5xSI,Aikatsu-Wake up my music full lyrics,"Jan 29, 2015",286,595
2022-04,_ZUFjmy5xSI,Aikatsu-Wake up my music full lyrics,"Jan 29, 2015",286,407
2022-05,_ZUFjmy5xSI,Aikatsu-Wake up my music full lyrics,"Jan 29, 2015",286,392
2022-06,_ZUFjmy5xSI,Aikatsu-Wake up my music full lyrics,"Jan 29, 2015",286,398
2022-07,_ZUFjmy5xSI,Aikatsu-Wake up my music full lyrics,"Jan 29, 2015",286,383
2022-08,_ZUFjmy5xSI,Aikatsu-Wake up my music full lyrics,"Jan 29, 2015",286,265
2022-09,_ZUFjmy5xSI,Aikatsu-Wake up my music full lyrics,"Jan 29, 2015",286,190
2022-10,_ZUFjmy5xSI,Aikatsu-Wake up my music full lyrics,"Jan 29, 2015",286,139
2022-11,_ZUFjmy5xSI,Aikatsu-Wake up my music full lyrics,"Jan 29, 2015",286,157
2022-12,_ZUFjmy5xSI,Aikatsu-Wake up my music full lyrics,"Jan 29, 2015",286,146
2023-01,_ZUFjmy5xSI,Aikatsu-Wake up my music full lyrics,"Jan 29, 2015",286,135
2023-02,_ZUFjmy5xSI,Aikatsu-Wake up my music full lyrics,"Jan 29, 2015",286,177
2023-03,_ZUFjmy5xSI,Aikatsu-Wake up my music full lyrics,"Jan 29, 2015",286,170
2023-04,_ZUFjmy5xSI,Aikatsu-Wake up my music full lyrics,"Jan 29, 2015",286,134
2023-05,_ZUFjmy5xSI,Aikatsu-Wake up my music full lyrics,"Jan 29, 2015",286,114
2023-06,_ZUFjmy5xSI,Aikatsu-Wake up my music full lyrics,"Jan 29, 2015",286,110
2023-07,_ZUFjmy5xSI,Aikatsu-Wake up my music full lyrics,"Jan 29, 2015",286,96
2023-08,_ZUFjmy5xSI,Aikatsu-Wake up my music full lyrics,"Jan 29, 2015",286,92
2023-09,_ZUFjmy5xSI,Aikatsu-Wake up my music full lyrics,"Jan 29, 2015",286,77
2023-10,_ZUFjmy5xSI,Aikatsu-Wake up my music full lyrics,"Jan 29, 2015",286,92
2023-11,_ZUFjmy5xSI,Aikatsu-Wake up my music full lyrics,"Jan 29, 2015",286,100
2023-12,_ZUFjmy5xSI,Aikatsu-Wake up my music full lyrics,"Jan 29, 2015",286,62
2024-01,_ZUFjmy5xSI,Aikatsu-Wake up my music full lyrics,"Jan 29, 2015",286,72
2024-02,_ZUFjmy5xSI,Aikatsu-Wake up my music full lyrics,"Jan 29, 2015",286,65
2024-03,_ZUFjmy5xSI,Aikatsu-Wake up my music full lyrics,"Jan 29, 2015",286,67
2024-04,_ZUFjmy5xSI,Aikatsu-Wake up my music full lyrics,"Jan 29, 2015",286,58
2024-05,_ZUFjmy5xSI,Aikatsu-Wake up my music full lyrics,"Jan 29, 2015",286,59
2024-06,_ZUFjmy5xSI,Aikatsu-Wake up my music full lyrics,"Jan 29, 2015",286,41
2024-07,_ZUFjmy5xSI,Aikatsu-Wake up my music full lyrics,"Jan 29, 2015",286,74
2024-08,_ZUFjmy5xSI,Aikatsu-Wake up my music full lyrics,"Jan 29, 2015",286,67
2024-09,_ZUFjmy5xSI,Aikatsu-Wake up my music full lyrics,"Jan 29, 2015",286,52
2024-10,_ZUFjmy5xSI,Aikatsu-Wake up my music full lyrics,"Jan 29, 2015",286,60
2024-11,_ZUFjmy5xSI,Aikatsu-Wake up my music full lyrics,"Jan 29, 2015",286,68
2024-12,_ZUFjmy5xSI,Aikatsu-Wake up my music full lyrics,"Jan 29, 2015",286,45
2025-01,_ZUFjmy5xSI,Aikatsu-Wake up my music full lyrics,"Jan 29, 2015",286,57
2025-02,_ZUFjmy5xSI,Aikatsu-Wake up my music full lyrics,"Jan 29, 2015",286,56
2025-03,_ZUFjmy5xSI,Aikatsu-Wake up my music full lyrics,"Jan 29, 2015",286,66
2025-04,_ZUFjmy5xSI,Aikatsu-Wake up my music full lyrics,"Jan 29, 2015",286,104
2025-05,_ZUFjmy5xSI,Aikatsu-Wake up my music full lyrics,"Jan 29, 2015",286,97
2025-06,_ZUFjmy5xSI,Aikatsu-Wake up my music full lyrics,"Jan 29, 2015",286,77
2025-07,_ZUFjmy5xSI,Aikatsu-Wake up my music full lyrics,"Jan 29, 2015",286,66
2025-08,_ZUFjmy5xSI,Aikatsu-Wake up my music full lyrics,"Jan 29, 2015",286,82
2025-09,_ZUFjmy5xSI,Aikatsu-Wake up my music full lyrics,"Jan 29, 2015",286,71
2025-10,_ZUFjmy5xSI,Aikatsu-Wake up my music full lyrics,"Jan 29, 2015",286,109
2025-11,_ZUFjmy5xSI,Aikatsu-Wake up my music full lyrics,"Jan 29, 2015",286,86
2025-12,_ZUFjmy5xSI,Aikatsu-Wake up my music full lyrics,"Jan 29, 2015",286,143
2026-01,_ZUFjmy5xSI,Aikatsu-Wake up my music full lyrics,"Jan 29, 2015",286,93
2026-02,_ZUFjmy5xSI,Aikatsu-Wake up my music full lyrics,"Jan 29, 2015",286,59
2026-03,_ZUFjmy5xSI,Aikatsu-Wake up my music full lyrics,"Jan 29, 2015",286,87
2026-04,_ZUFjmy5xSI,Aikatsu-Wake up my music full lyrics,"Jan 29, 2015",286,49
2026-05,_ZUFjmy5xSI,Aikatsu-Wake up my music full lyrics,"Jan 29, 2015",286,95
2026-06,_ZUFjmy5xSI,Aikatsu-Wake up my music full lyrics,"Jan 29, 2015",286,41
2026-07,_ZUFjmy5xSI,Aikatsu-Wake up my music full lyrics,"Jan 29, 2015",286,67
2026-08,_ZUFjmy5xSI,Aikatsu-Wake up my music full lyrics,"Jan 29, 2015",286,25
2014-12,gouluThL7aU,Pripara-Manaka Laala-Thank You ♥ Birthday-Full-Lyrics,"Sep 25, 2015",255,0
2015-01,gouluThL7aU,Pripara-Manaka Laala-Thank You ♥ Birthday-Full-Lyrics,"Sep 25, 2015",255,0
2015-02,gouluThL7aU,Pripara-Manaka Laala-Thank You ♥ Birthday-Full-Lyrics,"Sep 25, 2015",255,0
2015-03,gouluThL7aU,Pripara-Manaka Laala-Thank You ♥ Birthday-Full-Lyrics,"Sep 25, 2015",255,0
2015-04,gouluThL7aU,Pripara-Manaka Laala-Thank You ♥ Birthday-Full-Lyrics,"Sep 25, 2015",255,0
2015-05,gouluThL7aU,Pripara-Manaka Laala-Thank You ♥ Birthday-Full-Lyrics,"Sep 25, 2015",255,0
2015-06,gouluThL7aU,Pripara-Manaka Laala-Thank You ♥ Birthday-Full-Lyrics,"Sep 25, 2015",255,0
2015-07,gouluThL7aU,Pripara-Manaka Laala-Thank You ♥ Birthday-Full-Lyrics,"Sep 25, 2015",255,0
2015-08,gouluThL7aU,Pripara-Manaka Laala-Thank You ♥ Birthday-Full-Lyrics,"Sep 25, 2015",255,0
2015-09,gouluThL7aU,Pripara-Manaka Laala-Thank You ♥ Birthday-Full-Lyrics,"Sep 25, 2015",255,168
2015-10,gouluThL7aU,Pripara-Manaka Laala-Thank You ♥ Birthday-Full-Lyrics,"Sep 25, 2015",255,302
2015-11,gouluThL7aU,Pripara-Manaka Laala-Thank You ♥ Birthday-Full-Lyrics,"Sep 25, 2015",255,569
2015-12,gouluThL7aU,Pripara-Manaka Laala-Thank You ♥ Birthday-Full-Lyrics,"Sep 25, 2015",255,515
2016-01,gouluThL7aU,Pripara-Manaka Laala-Thank You ♥ Birthday-Full-Lyrics,"Sep 25, 2015",255,447
2016-02,gouluThL7aU,Pripara-Manaka Laala-Thank You ♥ Birthday-Full-Lyrics,"Sep 25, 2015",255,341
2016-03,gouluThL7aU,Pripara-Manaka Laala-Thank You ♥ Birthday-Full-Lyrics,"Sep 25, 2015",255,508
2016-04,gouluThL7aU,Pripara-Manaka Laala-Thank You ♥ Birthday-Full-Lyrics,"Sep 25, 2015",255,414
2016-05,gouluThL7aU,Pripara-Manaka Laala-Thank You ♥ Birthday-Full-Lyrics,"Sep 25, 2015",255,471
2016-06,gouluThL7aU,Pripara-Manaka Laala-Thank You ♥ Birthday-Full-Lyrics,"Sep 25, 2015",255,438
2016-07,gouluThL7aU,Pripara-Manaka Laala-Thank You ♥ Birthday-Full-Lyrics,"Sep 25, 2015",255,764
2016-08,gouluThL7aU,Pripara-Manaka Laala-Thank You ♥ Birthday-Full-Lyrics,"Sep 25, 2015",255,1258
2016-09,gouluThL7aU,Pripara-Manaka Laala-Thank You ♥ Birthday-Full-Lyrics,"Sep 25, 2015",255,719
2016-10,gouluThL7aU,Pripara-Manaka Laala-Thank You ♥ Birthday-Full-Lyrics,"Sep 25, 2015",255,731
2016-11,gouluThL7aU,Pripara-Manaka Laala-Thank You ♥ Birthday-Full-Lyrics,"Sep 25, 2015",255,796
2016-12,gouluThL7aU,Pripara-Manaka Laala-Thank You ♥ Birthday-Full-Lyrics,"Sep 25, 2015",255,1155
2017-01,gouluThL7aU,Pripara-Manaka Laala-Thank You ♥ Birthday-Full-Lyrics,"Sep 25, 2015",255,665
2017-02,gouluThL7aU,Pripara-Manaka Laala-Thank You ♥ Birthday-Full-Lyrics,"Sep 25, 2015",255,649
2017-03,gouluThL7aU,Pripara-Manaka Laala-Thank You ♥ Birthday-Full-Lyrics,"Sep 25, 2015",255,639
2017-04,gouluThL7aU,Pripara-Manaka Laala-Thank You ♥ Birthday-Full-Lyrics,"Sep 25, 2015",255,1005
2017-05,gouluThL7aU,Pripara-Manaka Laala-Thank You ♥ Birthday-Full-Lyrics,"Sep 25, 2015",255,1521
2017-06,gouluThL7aU,Pripara-Manaka Laala-Thank You ♥ Birthday-Full-Lyrics,"Sep 25, 2015",255,1757
2017-07,gouluThL7aU,Pripara-Manaka Laala-Thank You ♥ Birthday-Full-Lyrics,"Sep 25, 2015",255,1646
2017-08,gouluThL7aU,Pripara-Manaka Laala-Thank You ♥ Birthday-Full-Lyrics,"Sep 25, 2015",255,1274
2017-09,gouluThL7aU,Pripara-Manaka Laala-Thank You ♥ Birthday-Full-Lyrics,"Sep 25, 2015",255,1082
2017-10,gouluThL7aU,Pripara-Manaka Laala-Thank You ♥ Birthday-Full-Lyrics,"Sep 25, 2015",255,1067
2017-11,gouluThL7aU,Pripara-Manaka Laala-Thank You ♥ Birthday-Full-Lyrics,"Sep 25, 2015",255,1060
2017-12,gouluThL7aU,Pripara-Manaka Laala-Thank You ♥ Birthday-Full-Lyrics,"Sep 25, 2015",255,1587
2018-01,gouluThL7aU,Pripara-Manaka Laala-Thank You ♥ Birthday-Full-Lyrics,"Sep 25, 2015",255,1645
2018-02,gouluThL7aU,Pripara-Manaka Laala-Thank You ♥ Birthday-Full-Lyrics,"Sep 25, 2015",255,1742
2018-03,gouluThL7aU,Pripara-Manaka Laala-Thank You ♥ Birthday-Full-Lyrics,"Sep 25, 2015",255,2461
2018-04,gouluThL7aU,Pripara-Manaka Laala-Thank You ♥ Birthday-Full-Lyrics,"Sep 25, 2015",255,3360
2018-05,gouluThL7aU,Pripara-Manaka Laala-Thank You ♥ Birthday-Full-Lyrics,"Sep 25, 2015",255,3343
2018-06,gouluThL7aU,Pripara-Manaka Laala-Thank You ♥ Birthday-Full-Lyrics,"Sep 25, 2015",255,3263
2018-07,gouluThL7aU,Pripara-Manaka Laala-Thank You ♥ Birthday-Full-Lyrics,"Sep 25, 2015",255,3315
2018-08,gouluThL7aU,Pripara-Manaka Laala-Thank You ♥ Birthday-Full-Lyrics,"Sep 25, 2015",255,2938
2018-09,gouluThL7aU,Pripara-Manaka Laala-Thank You ♥ Birthday-Full-Lyrics,"Sep 25, 2015",255,2123
2018-10,gouluThL7aU,Pripara-Manaka Laala-Thank You ♥ Birthday-Full-Lyrics,"Sep 25, 2015",255,2576
2018-11,gouluThL7aU,Pripara-Manaka Laala-Thank You ♥ Birthday-Full-Lyrics,"Sep 25, 2015",255,2297
2018-12,gouluThL7aU,Pripara-Manaka Laala-Thank You ♥ Birthday-Full-Lyrics,"Sep 25, 2015",255,3142
2019-01,gouluThL7aU,Pripara-Manaka Laala-Thank You ♥ Birthday-Full-Lyrics,"Sep 25, 2015",255,3233
2019-02,gouluThL7aU,Pripara-Manaka Laala-Thank You ♥ Birthday-Full-Lyrics,"Sep 25, 2015",255,2945
2019-03,gouluThL7aU,Pripara-Manaka Laala-Thank You ♥ Birthday-Full-Lyrics,"Sep 25, 2015",255,2961
2019-04,gouluThL7aU,Pripara-Manaka Laala-Thank You ♥ Birthday-Full-Lyrics,"Sep 25, 2015",255,2859
2019-05,gouluThL7aU,Pripara-Manaka Laala-Thank You ♥ Birthday-Full-Lyrics,"Sep 25, 2015",255,4764
2019-06,gouluThL7aU,Pripara-Manaka Laala-Thank You ♥ Birthday-Full-Lyrics,"Sep 25, 2015",255,3950
2019-07,gouluThL7aU,Pripara-Manaka Laala-Thank You ♥ Birthday-Full-Lyrics,"Sep 25, 2015",255,2885
2019-08,gouluThL7aU,Pripara-Manaka Laala-Thank You ♥ Birthday-Full-Lyrics,"Sep 25, 2015",255,2431
2019-09,gouluThL7aU,Pripara-Manaka Laala-Thank You ♥ Birthday-Full-Lyrics,"Sep 25, 2015",255,4535
2019-10,gouluThL7aU,Pripara-Manaka Laala-Thank You ♥ Birthday-Full-Lyrics,"Sep 25, 2015",255,4774
2019-11,gouluThL7aU,Pripara-Manaka Laala-Thank You ♥ Birthday-Full-Lyrics,"Sep 25, 2015",255,3641
2019-12,gouluThL7aU,Pripara-Manaka Laala-Thank You ♥ Birthday-Full-Lyrics,"Sep 25, 2015",255,4313
2020-01,gouluThL7aU,Pripara-Manaka Laala-Thank You ♥ Birthday-Full-Lyrics,"Sep 25, 2015",255,3253
2020-02,gouluThL7aU,Pripara-Manaka Laala-Thank You ♥ Birthday-Full-Lyrics,"Sep 25, 2015",255,2828
2020-03,gouluThL7aU,Pripara-Manaka Laala-Thank You ♥ Birthday-Full-Lyrics,"Sep 25, 2015",255,3773
2020-04,gouluThL7aU,Pripara-Manaka Laala-Thank You ♥ Birthday-Full-Lyrics,"Sep 25, 2015",255,3404
2020-05,gouluThL7aU,Pripara-Manaka Laala-Thank You ♥ Birthday-Full-Lyrics,"Sep 25, 2015",255,3449
2020-06,gouluThL7aU,Pripara-Manaka Laala-Thank You ♥ Birthday-Full-Lyrics,"Sep 25, 2015",255,3353
2020-07,gouluThL7aU,Pripara-Manaka Laala-Thank You ♥ Birthday-Full-Lyrics,"Sep 25, 2015",255,3815
2020-08,gouluThL7aU,Pripara-Manaka Laala-Thank You ♥ Birthday-Full-Lyrics,"Sep 25, 2015",255,3033
2020-09,gouluThL7aU,Pripara-Manaka Laala-Thank You ♥ Birthday-Full-Lyrics,"Sep 25, 2015",255,2840
2020-10,gouluThL7aU,Pripara-Manaka Laala-Thank You ♥ Birthday-Full-Lyrics,"Sep 25, 2015",255,3341
2020-11,gouluThL7aU,Pripara-Manaka Laala-Thank You ♥ Birthday-Full-Lyrics,"Sep 25, 2015",255,3296
2020-12,gouluThL7aU,Pripara-Manaka Laala-Thank You ♥ Birthday-Full-Lyrics,"Sep 25, 2015",255,4253
2021-01,gouluThL7aU,Pripara-Manaka Laala-Thank You ♥ Birthday-Full-Lyrics,"Sep 25, 2015",255,3423
2021-02,gouluThL7aU,Pripara-Manaka Laala-Thank You ♥ Birthday-Full-Lyrics,"Sep 25, 2015",255,3111
2021-03,gouluThL7aU,Pripara-Manaka Laala-Thank You ♥ Birthday-Full-Lyrics,"Sep 25, 2015",255,3214
2021-04,gouluThL7aU,Pripara-Manaka Laala-Thank You ♥ Birthday-Full-Lyrics,"Sep 25, 2015",255,2562
2021-05,gouluThL7aU,Pripara-Manaka Laala-Thank You ♥ Birthday-Full-Lyrics,"Sep 25, 2015",255,3116
2021-06,gouluThL7aU,Pripara-Manaka Laala-Thank You ♥ Birthday-Full-Lyrics,"Sep 25, 2015",255,3389
2021-07,gouluThL7aU,Pripara-Manaka Laala-Thank You ♥ Birthday-Full-Lyrics,"Sep 25, 2015",255,3923
2021-08,gouluThL7aU,Pripara-Manaka Laala-Thank You ♥ Birthday-Full-Lyrics,"Sep 25, 2015",255,3626
2021-09,gouluThL7aU,Pripara-Manaka Laala-Thank You ♥ Birthday-Full-Lyrics,"Sep 25, 2015",255,3183
2021-10,gouluThL7aU,Pripara-Manaka Laala-Thank You ♥ Birthday-Full-Lyrics,"Sep 25, 2015",255,3335
2021-11,gouluThL7aU,Pripara-Manaka Laala-Thank You ♥ Birthday-Full-Lyrics,"Sep 25, 2015",255,3229
2021-12,gouluThL7aU,Pripara-Manaka Laala-Thank You ♥ Birthday-Full-Lyrics,"Sep 25, 2015",255,2947
2022-01,gouluThL7aU,Pripara-Manaka Laala-Thank You ♥ Birthday-Full-Lyrics,"Sep 25, 2015",255,2660
2022-02,gouluThL7aU,Pripara-Manaka Laala-Thank You ♥ Birthday-Full-Lyrics,"Sep 25, 2015",255,2403
2022-03,gouluThL7aU,Pripara-Manaka Laala-Thank You ♥ Birthday-Full-Lyrics,"Sep 25, 2015",255,2226
2022-04,gouluThL7aU,Pripara-Manaka Laala-Thank You ♥ Birthday-Full-Lyrics,"Sep 25, 2015",255,1549
2022-05,gouluThL7aU,Pripara-Manaka Laala-Thank You ♥ Birthday-Full-Lyrics,"Sep 25, 2015",255,1500
2022-06,gouluThL7aU,Pripara-Manaka Laala-Thank You ♥ Birthday-Full-Lyrics,"Sep 25, 2015",255,1522
2022-07,gouluThL7aU,Pripara-Manaka Laala-Thank You ♥ Birthday-Full-Lyrics,"Sep 25, 2015",255,1742
2022-08,gouluThL7aU,Pripara-Manaka Laala-Thank You ♥ Birthday-Full-Lyrics,"Sep 25, 2015",255,1876
2022-09,gouluThL7aU,Pripara-Manaka Laala-Thank You ♥ Birthday-Full-Lyrics,"Sep 25, 2015",255,1532
2022-10,gouluThL7aU,Pripara-Manaka Laala-Thank You ♥ Birthday-Full-Lyrics,"Sep 25, 2015",255,1513
2022-11,gouluThL7aU,Pripara-Manaka Laala-Thank You ♥ Birthday-Full-Lyrics,"Sep 25, 2015",255,1554
2022-12,gouluThL7aU,Pripara-Manaka Laala-Thank You ♥ Birthday-Full-Lyrics,"Sep 25, 2015",255,1904
2023-01,gouluThL7aU,Pripara-Manaka Laala-Thank You ♥ Birthday-Full-Lyrics,"Sep 25, 2015",255,1543
2023-02,gouluThL7aU,Pripara-Manaka Laala-Thank You ♥ Birthday-Full-Lyrics,"Sep 25, 2015",255,1458
2023-03,gouluThL7aU,Pripara-Manaka Laala-Thank You ♥ Birthday-Full-Lyrics,"Sep 25, 2015",255,1223
2023-04,gouluThL7aU,Pripara-Manaka Laala-Thank You ♥ Birthday-Full-Lyrics,"Sep 25, 2015",255,1353
2023-05,gouluThL7aU,Pripara-Manaka Laala-Thank You ♥ Birthday-Full-Lyrics,"Sep 25, 2015",255,1357
2023-06,gouluThL7aU,Pripara-Manaka Laala-Thank You ♥ Birthday-Full-Lyrics,"Sep 25, 2015",255,1400
2023-07,gouluThL7aU,Pripara-Manaka Laala-Thank You ♥ Birthday-Full-Lyrics,"Sep 25, 2015",255,1383
2023-08,gouluThL7aU,Pripara-Manaka Laala-Thank You ♥ Birthday-Full-Lyrics,"Sep 25, 2015",255,1663
2023-09,gouluThL7aU,Pripara-Manaka Laala-Thank You ♥ Birthday-Full-Lyrics,"Sep 25, 2015",255,1234
2023-10,gouluThL7aU,Pripara-Manaka Laala-Thank You ♥ Birthday-Full-Lyrics,"Sep 25, 2015",255,947
2023-11,gouluThL7aU,Pripara-Manaka Laala-Thank You ♥ Birthday-Full-Lyrics,"Sep 25, 2015",255,1196
2023-12,gouluThL7aU,Pripara-Manaka Laala-Thank You ♥ Birthday-Full-Lyrics,"Sep 25, 2015",255,1011
2024-01,gouluThL7aU,Pripara-Manaka Laala-Thank You ♥ Birthday-Full-Lyrics,"Sep 25, 2015",255,863
2024-02,gouluThL7aU,Pripara-Manaka Laala-Thank You ♥ Birthday-Full-Lyrics,"Sep 25, 2015",255,805
2024-03,gouluThL7aU,Pripara-Manaka Laala-Thank You ♥ Birthday-Full-Lyrics,"Sep 25, 2015",255,736
2024-04,gouluThL7aU,Pripara-Manaka Laala-Thank You ♥ Birthday-Full-Lyrics,"Sep 25, 2015",255,690
2024-05,gouluThL7aU,Pripara-Manaka Laala-Thank You ♥ Birthday-Full-Lyrics,"Sep 25, 2015",255,659
2024-06,gouluThL7aU,Pripara-Manaka Laala-Thank You ♥ Birthday-Full-Lyrics,"Sep 25, 2015",255,729
2024-07,gouluThL7aU,Pripara-Manaka Laala-Thank You ♥ Birthday-Full-Lyrics,"Sep 25, 2015",255,920
2024-08,gouluThL7aU,Pripara-Manaka Laala-Thank You ♥ Birthday-Full-Lyrics,"Sep 25, 2015",255,877
2024-09,gouluThL7aU,Pripara-Manaka Laala-Thank You ♥ Birthday-Full-Lyrics,"Sep 25, 2015",255,671
2024-10,gouluThL7aU,Pripara-Manaka Laala-Thank You ♥ Birthday-Full-Lyrics,"Sep 25, 2015",255,594
2024-11,gouluThL7aU,Pripara-Manaka Laala-Thank You ♥ Birthday-Full-Lyrics,"Sep 25, 2015",255,785
2024-12,gouluThL7aU,Pripara-Manaka Laala-Thank You ♥ Birthday-Full-Lyrics,"Sep 25, 2015",255,700
2025-01,gouluThL7aU,Pripara-Manaka Laala-Thank You ♥ Birthday-Full-Lyrics,"Sep 25, 2015",255,632
2025-02,gouluThL7aU,Pripara-Manaka Laala-Thank You ♥ Birthday-Full-Lyrics,"Sep 25, 2015",255,638
2025-03,gouluThL7aU,Pripara-Manaka Laala-Thank You ♥ Birthday-Full-Lyrics,"Sep 25, 2015",255,574
2025-04,gouluThL7aU,Pripara-Manaka Laala-Thank You ♥ Birthday-Full-Lyrics,"Sep 25, 2015",255,670
2025-05,gouluThL7aU,Pripara-Manaka Laala-Thank You ♥ Birthday-Full-Lyrics,"Sep 25, 2015",255,894
2025-06,gouluThL7aU,Pripara-Manaka Laala-Thank You ♥ Birthday-Full-Lyrics,"Sep 25, 2015",255,582
2025-07,gouluThL7aU,Pripara-Manaka Laala-Thank You ♥ Birthday-Full-Lyrics,"Sep 25, 2015",255,590
2025-08,gouluThL7aU,Pripara-Manaka Laala-Thank You ♥ Birthday-Full-Lyrics,"Sep 25, 2015",255,750
2025-09,gouluThL7aU,Pripara-Manaka Laala-Thank You ♥ Birthday-Full-Lyrics,"Sep 25, 2015",255,718
2025-10,gouluThL7aU,Pripara-Manaka Laala-Thank You ♥ Birthday-Full-Lyrics,"Sep 25, 2015",255,933
2025-11,gouluThL7aU,Pripara-Manaka Laala-Thank You ♥ Birthday-Full-Lyrics,"Sep 25, 2015",255,847
2025-12,gouluThL7aU,Pripara-Manaka Laala-Thank You ♥ Birthday-Full-Lyrics,"Sep 25, 2015",255,555
2026-01,gouluThL7aU,Pripara-Manaka Laala-Thank You ♥ Birthday-Full-Lyrics,"Sep 25, 2015",255,505
2026-02,gouluThL7aU,Pripara-Manaka Laala-Thank You ♥ Birthday-Full-Lyrics,"Sep 25, 2015",255,461
2026-03,gouluThL7aU,Pripara-Manaka Laala-Thank You ♥ Birthday-Full-Lyrics,"Sep 25, 2015",255,496
2026-04,gouluThL7aU,Pripara-Manaka Laala-Thank You ♥ Birthday-Full-Lyrics,"Sep 25, 2015",255,470
2026-05,gouluThL7aU,Pripara-Manaka Laala-Thank You ♥ Birthday-Full-Lyrics,"Sep 25, 2015",255,474
2026-06,gouluThL7aU,Pripara-Manaka Laala-Thank You ♥ Birthday-Full-Lyrics,"Sep 25, 2015",255,495
2026-07,gouluThL7aU,Pripara-Manaka Laala-Thank You ♥ Birthday-Full-Lyrics,"Sep 25, 2015",255,445
2026-08,gouluThL7aU,Pripara-Manaka Laala-Thank You ♥ Birthday-Full-Lyrics,"Sep 25, 2015",255,124
