日期,流量来源,观看次数
2014-12,直接或不明来源,29
2015-01,直接或不明来源,155
2015-02,直接或不明来源,255
2015-03,直接或不明来源,2028
2015-04,直接或不明来源,3896
2015-05,直接或不明来源,3497
2015-06,直接或不明来源,3920
2015-07,直接或不明来源,3115
2015-08,直接或不明来源,2056
2015-09,直接或不明来源,2297
2015-10,直接或不明来源,2249
2015-11,直接或不明来源,1799
2015-12,直接或不明来源,2094
2016-01,直接或不明来源,2297
2016-02,直接或不明来源,2683
2016-03,直接或不明来源,2462
2016-04,直接或不明来源,2014
2016-05,直接或不明来源,1838
2016-06,直接或不明来源,1647
2016-07,直接或不明来源,1806
2016-08,直接或不明来源,1909
2016-09,直接或不明来源,1479
2016-10,直接或不明来源,1149
2016-11,直接或不明来源,978
2016-12,直接或不明来源,810
2017-01,直接或不明来源,902
2017-02,直接或不明来源,855
2017-03,直接或不明来源,972
2017-04,直接或不明来源,1237
2017-05,直接或不明来源,1336
2017-06,直接或不明来源,1176
2017-07,直接或不明来源,1011
2017-08,直接或不明来源,1038
2017-09,直接或不明来源,732
2017-10,直接或不明来源,544
2017-11,直接或不明来源,551
2017-12,直接或不明来源,586
2018-01,直接或不明来源,490
2018-02,直接或不明来源,677
2018-03,直接或不明来源,677
2018-04,直接或不明来源,827
2018-05,直接或不明来源,766
2018-06,直接或不明来源,1086
2018-07,直接或不明来源,717
2018-08,直接或不明来源,681
2018-09,直接或不明来源,539
2018-10,直接或不明来源,649
2018-11,直接或不明来源,542
2018-12,直接或不明来源,445
2019-01,直接或不明来源,523
2019-02,直接或不明来源,537
2019-03,直接或不明来源,504
2019-04,直接或不明来源,538
2019-05,直接或不明来源,608
2019-06,直接或不明来源,348
2019-07,直接或不明来源,290
2019-08,直接或不明来源,234
2019-09,直接或不明来源,271
2019-10,直接或不明来源,664
2019-11,直接或不明来源,680
2019-12,直接或不明来源,528
2020-01,直接或不明来源,483
2020-02,直接或不明来源,318
2020-03,直接或不明来源,344
2020-04,直接或不明来源,384
2020-05,直接或不明来源,347
2020-06,直接或不明来源,306
2020-07,直接或不明来源,200
2020-08,直接或不明来源,129
2020-09,直接或不明来源,122
2020-10,直接或不明来源,117
2020-11,直接或不明来源,120
2020-12,直接或不明来源,136
2021-01,直接或不明来源,185
2021-02,直接或不明来源,118
2021-03,直接或不明来源,122
2021-04,直接或不明来源,86
2021-05,直接或不明来源,124
2021-06,直接或不明来源,122
2021-07,直接或不明来源,101
2021-08,直接或不明来源,117
2021-09,直接或不明来源,98
2021-10,直接或不明来源,89
2021-11,直接或不明来源,106
2021-12,直接或不明来源,92
2022-01,直接或不明来源,115
2022-02,直接或不明来源,135
2022-03,直接或不明来源,94
2022-04,直接或不明来源,110
2022-05,直接或不明来源,138
2022-06,直接或不明来源,179
2022-07,直接或不明来源,156
2022-08,直接或不明来源,182
2022-09,直接或不明来源,165
2022-10,直接或不明来源,130
2022-11,直接或不明来源,146
2022-12,直接或不明来源,167
2023-01,直接或不明来源,134
2023-02,直接或不明来源,143
2023-03,直接或不明来源,122
2023-04,直接或不明来源,93
2023-05,直接或不明来源,135
2023-06,直接或不明来源,154
2023-07,直接或不明来源,139
2023-08,直接或不明来源,226
2023-09,直接或不明来源,120
2023-10,直接或不明来源,87
2023-11,直接或不明来源,119
2023-12,直接或不明来源,103
2024-01,直接或不明来源,163
2024-02,直接或不明来源,136
2024-03,直接或不明来源,183
2024-04,直接或不明来源,181
2024-05,直接或不明来源,135
2024-06,直接或不明来源,111
2024-07,直接或不明来源,103
2024-08,直接或不明来源,111
2024-09,直接或不明来源,124
2024-10,直接或不明来源,105
2024-11,直接或不明来源,128
2024-12,直接或不明来源,106
2025-01,直接或不明来源,92
2025-02,直接或不明来源,95
2025-03,直接或不明来源,134
2025-04,直接或不明来源,194
2025-05,直接或不明来源,229
2025-06,直接或不明来源,175
2025-07,直接或不明来源,124
2025-08,直接或不明来源,149
2025-09,直接或不明来源,105
2025-10,直接或不明来源,209
2025-11,直接或不明来源,145
2025-12,直接或不明来源,114
2026-01,直接或不明来源,99
2026-02,直接或不明来源,118
2026-03,直接或不明来源,97
2026-04,直接或不明来源,128
2026-05,直接或不明来源,168
2026-06,直接或不明来源,138
2026-07,直接或不明来源,158
2026-08,直接或不明来源,52
2014-12,YouTube 广告,0
2015-01,YouTube 广告,0
2015-02,YouTube 广告,0
2015-03,YouTube 广告,0
2015-04,YouTube 广告,0
2015-05,YouTube 广告,0
2015-06,YouTube 广告,0
2015-07,YouTube 广告,0
2015-08,YouTube 广告,0
2015-09,YouTube 广告,0
2015-10,YouTube 广告,0
2015-11,YouTube 广告,0
2015-12,YouTube 广告,0
2016-01,YouTube 广告,0
2016-02,YouTube 广告,0
2016-03,YouTube 广告,0
2016-04,YouTube 广告,0
2016-05,YouTube 广告,0
2016-06,YouTube 广告,0
2016-07,YouTube 广告,1
2016-08,YouTube 广告,0
2016-09,YouTube 广告,1
2016-10,YouTube 广告,0
2016-11,YouTube 广告,0
2016-12,YouTube 广告,0
2017-01,YouTube 广告,0
2017-02,YouTube 广告,0
2017-03,YouTube 广告,0
2017-04,YouTube 广告,0
2017-05,YouTube 广告,0
2017-06,YouTube 广告,0
2017-07,YouTube 广告,0
2017-08,YouTube 广告,0
2017-09,YouTube 广告,0
2017-10,YouTube 广告,0
2017-11,YouTube 广告,0
2017-12,YouTube 广告,0
2018-01,YouTube 广告,0
2018-02,YouTube 广告,0
2018-03,YouTube 广告,0
2018-04,YouTube 广告,0
2018-05,YouTube 广告,0
2018-06,YouTube 广告,0
2018-07,YouTube 广告,0
2018-08,YouTube 广告,0
2018-09,YouTube 广告,0
2018-10,YouTube 广告,0
2018-11,YouTube 广告,0
2018-12,YouTube 广告,0
2019-01,YouTube 广告,0
2019-02,YouTube 广告,0
2019-03,YouTube 广告,0
2019-04,YouTube 广告,0
2019-05,YouTube 广告,0
2019-06,YouTube 广告,0
2019-07,YouTube 广告,0
2019-08,YouTube 广告,0
2019-09,YouTube 广告,0
2019-10,YouTube 广告,0
2019-11,YouTube 广告,0
2019-12,YouTube 广告,0
2020-01,YouTube 广告,0
2020-02,YouTube 广告,0
2020-03,YouTube 广告,0
2020-04,YouTube 广告,0
2020-05,YouTube 广告,0
2020-06,YouTube 广告,0
2020-07,YouTube 广告,0
2020-08,YouTube 广告,0
2020-09,YouTube 广告,0
2020-10,YouTube 广告,0
2020-11,YouTube 广告,0
2020-12,YouTube 广告,0
2021-01,YouTube 广告,0
2021-02,YouTube 广告,0
2021-03,YouTube 广告,0
2021-04,YouTube 广告,0
2021-05,YouTube 广告,0
2021-06,YouTube 广告,0
2021-07,YouTube 广告,0
2021-08,YouTube 广告,0
2021-09,YouTube 广告,0
2021-10,YouTube 广告,0
2021-11,YouTube 广告,0
2021-12,YouTube 广告,0
2022-01,YouTube 广告,0
2022-02,YouTube 广告,0
2022-03,YouTube 广告,0
2022-04,YouTube 广告,0
2022-05,YouTube 广告,0
2022-06,YouTube 广告,0
2022-07,YouTube 广告,0
2022-08,YouTube 广告,0
2022-09,YouTube 广告,0
2022-10,YouTube 广告,0
2022-11,YouTube 广告,0
2022-12,YouTube 广告,0
2023-01,YouTube 广告,1
2023-02,YouTube 广告,0
2023-03,YouTube 广告,0
2023-04,YouTube 广告,0
2023-05,YouTube 广告,0
2023-06,YouTube 广告,0
2023-07,YouTube 广告,0
2023-08,YouTube 广告,0
2023-09,YouTube 广告,0
2023-10,YouTube 广告,0
2023-11,YouTube 广告,0
2023-12,YouTube 广告,0
2024-01,YouTube 广告,0
2024-02,YouTube 广告,0
2024-03,YouTube 广告,0
2024-04,YouTube 广告,0
2024-05,YouTube 广告,0
2024-06,YouTube 广告,0
2024-07,YouTube 广告,0
2024-08,YouTube 广告,0
2024-09,YouTube 广告,0
2024-10,YouTube 广告,0
2024-11,YouTube 广告,0
2024-12,YouTube 广告,0
2025-01,YouTube 广告,0
2025-02,YouTube 广告,0
2025-03,YouTube 广告,0
2025-04,YouTube 广告,0
2025-05,YouTube 广告,0
2025-06,YouTube 广告,0
2025-07,YouTube 广告,0
2025-08,YouTube 广告,0
2025-09,YouTube 广告,0
2025-10,YouTube 广告,0
2025-11,YouTube 广告,0
2025-12,YouTube 广告,0
2026-01,YouTube 广告,0
2026-02,YouTube 广告,0
2026-03,YouTube 广告,0
2026-04,YouTube 广告,0
2026-05,YouTube 广告,0
2026-06,YouTube 广告,0
2026-07,YouTube 广告,0
2026-08,YouTube 广告,0
2014-12,浏览功能,6
2015-01,浏览功能,54
2015-02,浏览功能,211
2015-03,浏览功能,1411
2015-04,浏览功能,3826
2015-05,浏览功能,4022
2015-06,浏览功能,6423
2015-07,浏览功能,5427
2015-08,浏览功能,3997
2015-09,浏览功能,4738
2015-10,浏览功能,4747
2015-11,浏览功能,4340
2015-12,浏览功能,6112
2016-01,浏览功能,5807
2016-02,浏览功能,6835
2016-03,浏览功能,8491
2016-04,浏览功能,8023
2016-05,浏览功能,8417
2016-06,浏览功能,6996
2016-07,浏览功能,8204
2016-08,浏览功能,8226
2016-09,浏览功能,6509
2016-10,浏览功能,5906
2016-11,浏览功能,5493
2016-12,浏览功能,6332
2017-01,浏览功能,5536
2017-02,浏览功能,4993
2017-03,浏览功能,5220
2017-04,浏览功能,5047
2017-05,浏览功能,6612
2017-06,浏览功能,6191
2017-07,浏览功能,5991
2017-08,浏览功能,5017
2017-09,浏览功能,3395
2017-10,浏览功能,2979
2017-11,浏览功能,2776
2017-12,浏览功能,3656
2018-01,浏览功能,3291
2018-02,浏览功能,3100
2018-03,浏览功能,3294
2018-04,浏览功能,3119
2018-05,浏览功能,3430
2018-06,浏览功能,3394
2018-07,浏览功能,3880
2018-08,浏览功能,3756
2018-09,浏览功能,3335
2018-10,浏览功能,3587
2018-11,浏览功能,2885
2018-12,浏览功能,3065
2019-01,浏览功能,2971
2019-02,浏览功能,3284
2019-03,浏览功能,3152
2019-04,浏览功能,2927
2019-05,浏览功能,2785
2019-06,浏览功能,2264
2019-07,浏览功能,2187
2019-08,浏览功能,1933
2019-09,浏览功能,2246
2019-10,浏览功能,2389
2019-11,浏览功能,2363
2019-12,浏览功能,2791
2020-01,浏览功能,2426
2020-02,浏览功能,2091
2020-03,浏览功能,2959
2020-04,浏览功能,2710
2020-05,浏览功能,2752
2020-06,浏览功能,2479
2020-07,浏览功能,2432
2020-08,浏览功能,2601
2020-09,浏览功能,2572
2020-10,浏览功能,2586
2020-11,浏览功能,2219
2020-12,浏览功能,2926
2021-01,浏览功能,2668
2021-02,浏览功能,2397
2021-03,浏览功能,2100
2021-04,浏览功能,1931
2021-05,浏览功能,2201
2021-06,浏览功能,2854
2021-07,浏览功能,3162
2021-08,浏览功能,2850
2021-09,浏览功能,2363
2021-10,浏览功能,2238
2021-11,浏览功能,1818
2021-12,浏览功能,1808
2022-01,浏览功能,1797
2022-02,浏览功能,1653
2022-03,浏览功能,2116
2022-04,浏览功能,1724
2022-05,浏览功能,1916
2022-06,浏览功能,2044
2022-07,浏览功能,2137
2022-08,浏览功能,2219
2022-09,浏览功能,2203
2022-10,浏览功能,1997
2022-11,浏览功能,1898
2022-12,浏览功能,2070
2023-01,浏览功能,1942
2023-02,浏览功能,1479
2023-03,浏览功能,1867
2023-04,浏览功能,1634
2023-05,浏览功能,1742
2023-06,浏览功能,2019
2023-07,浏览功能,1951
2023-08,浏览功能,2047
2023-09,浏览功能,1512
2023-10,浏览功能,1155
2023-11,浏览功能,1370
2023-12,浏览功能,2177
2024-01,浏览功能,1799
2024-02,浏览功能,2048
2024-03,浏览功能,1405
2024-04,浏览功能,1278
2024-05,浏览功能,1809
2024-06,浏览功能,1293
2024-07,浏览功能,1718
2024-08,浏览功能,2783
2024-09,浏览功能,1792
2024-10,浏览功能,1259
2024-11,浏览功能,1256
2024-12,浏览功能,1340
2025-01,浏览功能,1400
2025-02,浏览功能,1028
2025-03,浏览功能,1096
2025-04,浏览功能,1124
2025-05,浏览功能,1716
2025-06,浏览功能,1299
2025-07,浏览功能,1379
2025-08,浏览功能,1535
2025-09,浏览功能,1223
2025-10,浏览功能,1919
2025-11,浏览功能,1635
2025-12,浏览功能,1292
2026-01,浏览功能,915
2026-02,浏览功能,991
2026-03,浏览功能,1335
2026-04,浏览功能,1135
2026-05,浏览功能,1127
2026-06,浏览功能,1104
2026-07,浏览功能,1167
2026-08,浏览功能,377
2014-12,频道页,27
2015-01,频道页,73
2015-02,频道页,153
2015-03,频道页,1442
2015-04,频道页,1785
2015-05,频道页,1093
2015-06,频道页,1439
2015-07,频道页,914
2015-08,频道页,761
2015-09,频道页,896
2015-10,频道页,1220
2015-11,频道页,924
2015-12,频道页,2042
2016-01,频道页,2374
2016-02,频道页,2107
2016-03,频道页,2268
2016-04,频道页,1820
2016-05,频道页,1419
2016-06,频道页,1234
2016-07,频道页,1388
2016-08,频道页,1399
2016-09,频道页,940
2016-10,频道页,758
2016-11,频道页,661
2016-12,频道页,847
2017-01,频道页,579
2017-02,频道页,584
2017-03,频道页,541
2017-04,频道页,563
2017-05,频道页,584
2017-06,频道页,623
2017-07,频道页,447
2017-08,频道页,374
2017-09,频道页,282
2017-10,频道页,253
2017-11,频道页,323
2017-12,频道页,358
2018-01,频道页,316
2018-02,频道页,262
2018-03,频道页,276
2018-04,频道页,277
2018-05,频道页,368
2018-06,频道页,411
2018-07,频道页,504
2018-08,频道页,398
2018-09,频道页,515
2018-10,频道页,403
2018-11,频道页,429
2018-12,频道页,408
2019-01,频道页,502
2019-02,频道页,463
2019-03,频道页,366
2019-04,频道页,403
2019-05,频道页,551
2019-06,频道页,352
2019-07,频道页,333
2019-08,频道页,529
2019-09,频道页,450
2019-10,频道页,576
2019-11,频道页,654
2019-12,频道页,496
2020-01,频道页,388
2020-02,频道页,458
2020-03,频道页,432
2020-04,频道页,468
2020-05,频道页,401
2020-06,频道页,285
2020-07,频道页,338
2020-08,频道页,416
2020-09,频道页,364
2020-10,频道页,338
2020-11,频道页,260
2020-12,频道页,383
2021-01,频道页,349
2021-02,频道页,235
2021-03,频道页,202
2021-04,频道页,209
2021-05,频道页,291
2021-06,频道页,294
2021-07,频道页,406
2021-08,频道页,360
2021-09,频道页,266
2021-10,频道页,326
2021-11,频道页,185
2021-12,频道页,345
2022-01,频道页,199
2022-02,频道页,245
2022-03,频道页,276
2022-04,频道页,181
2022-05,频道页,144
2022-06,频道页,139
2022-07,频道页,234
2022-08,频道页,261
2022-09,频道页,239
2022-10,频道页,229
2022-11,频道页,202
2022-12,频道页,238
2023-01,频道页,293
2023-02,频道页,172
2023-03,频道页,167
2023-04,频道页,203
2023-05,频道页,144
2023-06,频道页,135
2023-07,频道页,212
2023-08,频道页,210
2023-09,频道页,116
2023-10,频道页,87
2023-11,频道页,158
2023-12,频道页,90
2024-01,频道页,79
2024-02,频道页,105
2024-03,频道页,137
2024-04,频道页,47
2024-05,频道页,167
2024-06,频道页,86
2024-07,频道页,105
2024-08,频道页,196
2024-09,频道页,86
2024-10,频道页,119
2024-11,频道页,80
2024-12,频道页,78
2025-01,频道页,114
2025-02,频道页,90
2025-03,频道页,70
2025-04,频道页,52
2025-05,频道页,84
2025-06,频道页,114
2025-07,频道页,76
2025-08,频道页,93
2025-09,频道页,97
2025-10,频道页,85
2025-11,频道页,78
2025-12,频道页,81
2026-01,频道页,67
2026-02,频道页,96
2026-03,频道页,56
2026-04,频道页,77
2026-05,频道页,106
2026-06,频道页,124
2026-07,频道页,46
2026-08,频道页,13
2014-12,YouTube 搜索,270
2015-01,YouTube 搜索,1018
2015-02,YouTube 搜索,1763
2015-03,YouTube 搜索,5686
2015-04,YouTube 搜索,10891
2015-05,YouTube 搜索,16247
2015-06,YouTube 搜索,24663
2015-07,YouTube 搜索,18043
2015-08,YouTube 搜索,13885
2015-09,YouTube 搜索,11398
2015-10,YouTube 搜索,11477
2015-11,YouTube 搜索,9777
2015-12,YouTube 搜索,12036
2016-01,YouTube 搜索,10975
2016-02,YouTube 搜索,11210
2016-03,YouTube 搜索,12557
2016-04,YouTube 搜索,11986
2016-05,YouTube 搜索,10731
2016-06,YouTube 搜索,10259
2016-07,YouTube 搜索,9320
2016-08,YouTube 搜索,8055
2016-09,YouTube 搜索,7155
2016-10,YouTube 搜索,7187
2016-11,YouTube 搜索,6251
2016-12,YouTube 搜索,7466
2017-01,YouTube 搜索,7066
2017-02,YouTube 搜索,6391
2017-03,YouTube 搜索,6909
2017-04,YouTube 搜索,7233
2017-05,YouTube 搜索,7175
2017-06,YouTube 搜索,7061
2017-07,YouTube 搜索,6810
2017-08,YouTube 搜索,5670
2017-09,YouTube 搜索,4428
2017-10,YouTube 搜索,4124
2017-11,YouTube 搜索,3884
2017-12,YouTube 搜索,4573
2018-01,YouTube 搜索,4105
2018-02,YouTube 搜索,4092
2018-03,YouTube 搜索,5549
2018-04,YouTube 搜索,5456
2018-05,YouTube 搜索,5169
2018-06,YouTube 搜索,4861
2018-07,YouTube 搜索,5130
2018-08,YouTube 搜索,5121
2018-09,YouTube 搜索,4389
2018-10,YouTube 搜索,4288
2018-11,YouTube 搜索,3850
2018-12,YouTube 搜索,4094
2019-01,YouTube 搜索,4246
2019-02,YouTube 搜索,3951
2019-03,YouTube 搜索,3799
2019-04,YouTube 搜索,3114
2019-05,YouTube 搜索,3244
2019-06,YouTube 搜索,2826
2019-07,YouTube 搜索,3033
2019-08,YouTube 搜索,3374
2019-09,YouTube 搜索,3152
2019-10,YouTube 搜索,3555
2019-11,YouTube 搜索,3252
2019-12,YouTube 搜索,3199
2020-01,YouTube 搜索,3205
2020-02,YouTube 搜索,3234
2020-03,YouTube 搜索,3854
2020-04,YouTube 搜索,3684
2020-05,YouTube 搜索,3554
2020-06,YouTube 搜索,3133
2020-07,YouTube 搜索,3032
2020-08,YouTube 搜索,3207
2020-09,YouTube 搜索,2731
2020-10,YouTube 搜索,2218
2020-11,YouTube 搜索,2086
2020-12,YouTube 搜索,2496
2021-01,YouTube 搜索,2213
2021-02,YouTube 搜索,2152
2021-03,YouTube 搜索,1956
2021-04,YouTube 搜索,1707
2021-05,YouTube 搜索,1892
2021-06,YouTube 搜索,2167
2021-07,YouTube 搜索,2338
2021-08,YouTube 搜索,2316
2021-09,YouTube 搜索,1991
2021-10,YouTube 搜索,1657
2021-11,YouTube 搜索,1687
2021-12,YouTube 搜索,1534
2022-01,YouTube 搜索,1569
2022-02,YouTube 搜索,1430
2022-03,YouTube 搜索,1808
2022-04,YouTube 搜索,1466
2022-05,YouTube 搜索,1385
2022-06,YouTube 搜索,1551
2022-07,YouTube 搜索,1781
2022-08,YouTube 搜索,1763
2022-09,YouTube 搜索,1696
2022-10,YouTube 搜索,1528
2022-11,YouTube 搜索,1658
2022-12,YouTube 搜索,1707
2023-01,YouTube 搜索,1798
2023-02,YouTube 搜索,1710
2023-03,YouTube 搜索,1930
2023-04,YouTube 搜索,1452
2023-05,YouTube 搜索,1477
2023-06,YouTube 搜索,1863
2023-07,YouTube 搜索,2080
2023-08,YouTube 搜索,2448
2023-09,YouTube 搜索,1898
2023-10,YouTube 搜索,1270
2023-11,YouTube 搜索,1216
2023-12,YouTube 搜索,1289
2024-01,YouTube 搜索,1246
2024-02,YouTube 搜索,1367
2024-03,YouTube 搜索,1251
2024-04,YouTube 搜索,1189
2024-05,YouTube 搜索,1446
2024-06,YouTube 搜索,1127
2024-07,YouTube 搜索,1955
2024-08,YouTube 搜索,2046
2024-09,YouTube 搜索,1111
2024-10,YouTube 搜索,1092
2024-11,YouTube 搜索,1243
2024-12,YouTube 搜索,1289
2025-01,YouTube 搜索,1142
2025-02,YouTube 搜索,1196
2025-03,YouTube 搜索,1140
2025-04,YouTube 搜索,1265
2025-05,YouTube 搜索,1415
2025-06,YouTube 搜索,1157
2025-07,YouTube 搜索,1263
2025-08,YouTube 搜索,1602
2025-09,YouTube 搜索,1213
2025-10,YouTube 搜索,2048
2025-11,YouTube 搜索,1402
2025-12,YouTube 搜索,1042
2026-01,YouTube 搜索,1001
2026-02,YouTube 搜索,1177
2026-03,YouTube 搜索,973
2026-04,YouTube 搜索,790
2026-05,YouTube 搜索,818
2026-06,YouTube 搜索,716
2026-07,YouTube 搜索,820
2026-08,YouTube 搜索,247
2014-12,推荐视频,48
2015-01,推荐视频,421
2015-02,推荐视频,1287
2015-03,推荐视频,12873
2015-04,推荐视频,25617
2015-05,推荐视频,16389
2015-06,推荐视频,16861
2015-07,推荐视频,17848
2015-08,推荐视频,13482
2015-09,推荐视频,13221
2015-10,推荐视频,17626
2015-11,推荐视频,16104
2015-12,推荐视频,18205
2016-01,推荐视频,20879
2016-02,推荐视频,21837
2016-03,推荐视频,21635
2016-04,推荐视频,20129
2016-05,推荐视频,23865
2016-06,推荐视频,20860
2016-07,推荐视频,24150
2016-08,推荐视频,28571
2016-09,推荐视频,21466
2016-10,推荐视频,20401
2016-11,推荐视频,20602
2016-12,推荐视频,19899
2017-01,推荐视频,19231
2017-02,推荐视频,20262
2017-03,推荐视频,20994
2017-04,推荐视频,24773
2017-05,推荐视频,31355
2017-06,推荐视频,36565
2017-07,推荐视频,33627
2017-08,推荐视频,27847
2017-09,推荐视频,16831
2017-10,推荐视频,14159
2017-11,推荐视频,13860
2017-12,推荐视频,16583
2018-01,推荐视频,15366
2018-02,推荐视频,16515
2018-03,推荐视频,18083
2018-04,推荐视频,17713
2018-05,推荐视频,17349
2018-06,推荐视频,16312
2018-07,推荐视频,15119
2018-08,推荐视频,14371
2018-09,推荐视频,15358
2018-10,推荐视频,14049
2018-11,推荐视频,7503
2018-12,推荐视频,9198
2019-01,推荐视频,9439
2019-02,推荐视频,9242
2019-03,推荐视频,8787
2019-04,推荐视频,7186
2019-05,推荐视频,10292
2019-06,推荐视频,7103
2019-07,推荐视频,4574
2019-08,推荐视频,4267
2019-09,推荐视频,5933
2019-10,推荐视频,6684
2019-11,推荐视频,4852
2019-12,推荐视频,4799
2020-01,推荐视频,3923
2020-02,推荐视频,3131
2020-03,推荐视频,4344
2020-04,推荐视频,5201
2020-05,推荐视频,3612
2020-06,推荐视频,3490
2020-07,推荐视频,3419
2020-08,推荐视频,3272
2020-09,推荐视频,2524
2020-10,推荐视频,2286
2020-11,推荐视频,1965
2020-12,推荐视频,2602
2021-01,推荐视频,2007
2021-02,推荐视频,1519
2021-03,推荐视频,1030
2021-04,推荐视频,1038
2021-05,推荐视频,1563
2021-06,推荐视频,2211
2021-07,推荐视频,2379
2021-08,推荐视频,2082
2021-09,推荐视频,1684
2021-10,推荐视频,1701
2021-11,推荐视频,1212
2021-12,推荐视频,1923
2022-01,推荐视频,2051
2022-02,推荐视频,3897
2022-03,推荐视频,7203
2022-04,推荐视频,5462
2022-05,推荐视频,5883
2022-06,推荐视频,4679
2022-07,推荐视频,3958
2022-08,推荐视频,5369
2022-09,推荐视频,6796
2022-10,推荐视频,8908
2022-11,推荐视频,8864
2022-12,推荐视频,9536
2023-01,推荐视频,9412
2023-02,推荐视频,7776
2023-03,推荐视频,8601
2023-04,推荐视频,6864
2023-05,推荐视频,5510
2023-06,推荐视频,5819
2023-07,推荐视频,7197
2023-08,推荐视频,8642
2023-09,推荐视频,2089
2023-10,推荐视频,3324
2023-11,推荐视频,4425
2023-12,推荐视频,4467
2024-01,推荐视频,5498
2024-02,推荐视频,5182
2024-03,推荐视频,4716
2024-04,推荐视频,4063
2024-05,推荐视频,4868
2024-06,推荐视频,4257
2024-07,推荐视频,5302
2024-08,推荐视频,4753
2024-09,推荐视频,5002
2024-10,推荐视频,5274
2024-11,推荐视频,4304
2024-12,推荐视频,5258
2025-01,推荐视频,4705
2025-02,推荐视频,4774
2025-03,推荐视频,4473
2025-04,推荐视频,4130
2025-05,推荐视频,5024
2025-06,推荐视频,4723
2025-07,推荐视频,4476
2025-08,推荐视频,4549
2025-09,推荐视频,3916
2025-10,推荐视频,6072
2025-11,推荐视频,2881
2025-12,推荐视频,2354
2026-01,推荐视频,1899
2026-02,推荐视频,2615
2026-03,推荐视频,2895
2026-04,推荐视频,2693
2026-05,推荐视频,3792
2026-06,推荐视频,2733
2026-07,推荐视频,2721
2026-08,推荐视频,831
2014-12,其他 YouTube 功能,37
2015-01,其他 YouTube 功能,82
2015-02,其他 YouTube 功能,163
2015-03,其他 YouTube 功能,1008
2015-04,其他 YouTube 功能,1706
2015-05,其他 YouTube 功能,1704
2015-06,其他 YouTube 功能,238
2015-07,其他 YouTube 功能,298
2015-08,其他 YouTube 功能,188
2015-09,其他 YouTube 功能,144
2015-10,其他 YouTube 功能,223
2015-11,其他 YouTube 功能,387
2015-12,其他 YouTube 功能,529
2016-01,其他 YouTube 功能,382
2016-02,其他 YouTube 功能,344
2016-03,其他 YouTube 功能,475
2016-04,其他 YouTube 功能,517
2016-05,其他 YouTube 功能,594
2016-06,其他 YouTube 功能,522
2016-07,其他 YouTube 功能,655
2016-08,其他 YouTube 功能,613
2016-09,其他 YouTube 功能,641
2016-10,其他 YouTube 功能,825
2016-11,其他 YouTube 功能,598
2016-12,其他 YouTube 功能,1023
2017-01,其他 YouTube 功能,512
2017-02,其他 YouTube 功能,734
2017-03,其他 YouTube 功能,771
2017-04,其他 YouTube 功能,1074
2017-05,其他 YouTube 功能,1062
2017-06,其他 YouTube 功能,1170
2017-07,其他 YouTube 功能,769
2017-08,其他 YouTube 功能,407
2017-09,其他 YouTube 功能,380
2017-10,其他 YouTube 功能,391
2017-11,其他 YouTube 功能,492
2017-12,其他 YouTube 功能,355
2018-01,其他 YouTube 功能,449
2018-02,其他 YouTube 功能,340
2018-03,其他 YouTube 功能,498
2018-04,其他 YouTube 功能,627
2018-05,其他 YouTube 功能,520
2018-06,其他 YouTube 功能,596
2018-07,其他 YouTube 功能,616
2018-08,其他 YouTube 功能,667
2018-09,其他 YouTube 功能,623
2018-10,其他 YouTube 功能,587
2018-11,其他 YouTube 功能,463
2018-12,其他 YouTube 功能,523
2019-01,其他 YouTube 功能,492
2019-02,其他 YouTube 功能,596
2019-03,其他 YouTube 功能,782
2019-04,其他 YouTube 功能,694
2019-05,其他 YouTube 功能,649
2019-06,其他 YouTube 功能,664
2019-07,其他 YouTube 功能,496
2019-08,其他 YouTube 功能,567
2019-09,其他 YouTube 功能,465
2019-10,其他 YouTube 功能,503
2019-11,其他 YouTube 功能,483
2019-12,其他 YouTube 功能,510
2020-01,其他 YouTube 功能,424
2020-02,其他 YouTube 功能,509
2020-03,其他 YouTube 功能,426
2020-04,其他 YouTube 功能,430
2020-05,其他 YouTube 功能,426
2020-06,其他 YouTube 功能,501
2020-07,其他 YouTube 功能,718
2020-08,其他 YouTube 功能,423
2020-09,其他 YouTube 功能,340
2020-10,其他 YouTube 功能,420
2020-11,其他 YouTube 功能,426
2020-12,其他 YouTube 功能,453
2021-01,其他 YouTube 功能,349
2021-02,其他 YouTube 功能,334
2021-03,其他 YouTube 功能,239
2021-04,其他 YouTube 功能,284
2021-05,其他 YouTube 功能,215
2021-06,其他 YouTube 功能,386
2021-07,其他 YouTube 功能,614
2021-08,其他 YouTube 功能,375
2021-09,其他 YouTube 功能,364
2021-10,其他 YouTube 功能,408
2021-11,其他 YouTube 功能,298
2021-12,其他 YouTube 功能,403
2022-01,其他 YouTube 功能,365
2022-02,其他 YouTube 功能,335
2022-03,其他 YouTube 功能,392
2022-04,其他 YouTube 功能,264
2022-05,其他 YouTube 功能,328
2022-06,其他 YouTube 功能,323
2022-07,其他 YouTube 功能,255
2022-08,其他 YouTube 功能,324
2022-09,其他 YouTube 功能,246
2022-10,其他 YouTube 功能,264
2022-11,其他 YouTube 功能,210
2022-12,其他 YouTube 功能,386
2023-01,其他 YouTube 功能,274
2023-02,其他 YouTube 功能,264
2023-03,其他 YouTube 功能,221
2023-04,其他 YouTube 功能,222
2023-05,其他 YouTube 功能,262
2023-06,其他 YouTube 功能,311
2023-07,其他 YouTube 功能,327
2023-08,其他 YouTube 功能,369
2023-09,其他 YouTube 功能,197
2023-10,其他 YouTube 功能,131
2023-11,其他 YouTube 功能,206
2023-12,其他 YouTube 功能,190
2024-01,其他 YouTube 功能,162
2024-02,其他 YouTube 功能,242
2024-03,其他 YouTube 功能,221
2024-04,其他 YouTube 功能,149
2024-05,其他 YouTube 功能,154
2024-06,其他 YouTube 功能,164
2024-07,其他 YouTube 功能,235
2024-08,其他 YouTube 功能,253
2024-09,其他 YouTube 功能,158
2024-10,其他 YouTube 功能,195
2024-11,其他 YouTube 功能,149
2024-12,其他 YouTube 功能,137
2025-01,其他 YouTube 功能,117
2025-02,其他 YouTube 功能,137
2025-03,其他 YouTube 功能,137
2025-04,其他 YouTube 功能,171
2025-05,其他 YouTube 功能,195
2025-06,其他 YouTube 功能,187
2025-07,其他 YouTube 功能,150
2025-08,其他 YouTube 功能,161
2025-09,其他 YouTube 功能,184
2025-10,其他 YouTube 功能,238
2025-11,其他 YouTube 功能,179
2025-12,其他 YouTube 功能,145
2026-01,其他 YouTube 功能,137
2026-02,其他 YouTube 功能,161
2026-03,其他 YouTube 功能,162
2026-04,其他 YouTube 功能,170
2026-05,其他 YouTube 功能,204
2026-06,其他 YouTube 功能,164
2026-07,其他 YouTube 功能,107
2026-08,其他 YouTube 功能,45
2014-12,外部,4
2015-01,外部,42
2015-02,外部,68
2015-03,外部,247
2015-04,外部,419
2015-05,外部,559
2015-06,外部,919
2015-07,外部,820
2015-08,外部,704
2015-09,外部,620
2015-10,外部,604
2015-11,外部,698
2015-12,外部,735
2016-01,外部,703
2016-02,外部,783
2016-03,外部,1189
2016-04,外部,949
2016-05,外部,1070
2016-06,外部,836
2016-07,外部,821
2016-08,外部,942
2016-09,外部,883
2016-10,外部,1344
2016-11,外部,1254
2016-12,外部,1160
2017-01,外部,1262
2017-02,外部,1156
2017-03,外部,1193
2017-04,外部,1053
2017-05,外部,1618
2017-06,外部,1577
2017-07,外部,1546
2017-08,外部,1101
2017-09,外部,742
2017-10,外部,664
2017-11,外部,402
2017-12,外部,571
2018-01,外部,480
2018-02,外部,607
2018-03,外部,708
2018-04,外部,740
2018-05,外部,727
2018-06,外部,565
2018-07,外部,649
2018-08,外部,606
2018-09,外部,568
2018-10,外部,602
2018-11,外部,449
2018-12,外部,548
2019-01,外部,544
2019-02,外部,396
2019-03,外部,384
2019-04,外部,383
2019-05,外部,372
2019-06,外部,251
2019-07,外部,206
2019-08,外部,245
2019-09,外部,225
2019-10,外部,147
2019-11,外部,188
2019-12,外部,169
2020-01,外部,116
2020-02,外部,164
2020-03,外部,102
2020-04,外部,126
2020-05,外部,124
2020-06,外部,87
2020-07,外部,103
2020-08,外部,132
2020-09,外部,78
2020-10,外部,72
2020-11,外部,96
2020-12,外部,105
2021-01,外部,145
2021-02,外部,189
2021-03,外部,165
2021-04,外部,140
2021-05,外部,167
2021-06,外部,109
2021-07,外部,138
2021-08,外部,208
2021-09,外部,207
2021-10,外部,175
2021-11,外部,197
2021-12,外部,160
2022-01,外部,232
2022-02,外部,241
2022-03,外部,258
2022-04,外部,255
2022-05,外部,161
2022-06,外部,162
2022-07,外部,218
2022-08,外部,161
2022-09,外部,141
2022-10,外部,112
2022-11,外部,137
2022-12,外部,134
2023-01,外部,119
2023-02,外部,81
2023-03,外部,114
2023-04,外部,101
2023-05,外部,75
2023-06,外部,119
2023-07,外部,121
2023-08,外部,170
2023-09,外部,130
2023-10,外部,103
2023-11,外部,284
2023-12,外部,152
2024-01,外部,134
2024-02,外部,122
2024-03,外部,166
2024-04,外部,145
2024-05,外部,114
2024-06,外部,159
2024-07,外部,189
2024-08,外部,205
2024-09,外部,119
2024-10,外部,120
2024-11,外部,107
2024-12,外部,139
2025-01,外部,133
2025-02,外部,188
2025-03,外部,144
2025-04,外部,155
2025-05,外部,113
2025-06,外部,157
2025-07,外部,176
2025-08,外部,147
2025-09,外部,95
2025-10,外部,123
2025-11,外部,69
2025-12,外部,77
2026-01,外部,111
2026-02,外部,242
2026-03,外部,106
2026-04,外部,78
2026-05,外部,94
2026-06,外部,57
2026-07,外部,56
2026-08,外部,139
2014-12,不明 - 嵌入式播放器,1
2015-01,不明 - 嵌入式播放器,3
2015-02,不明 - 嵌入式播放器,21
2015-03,不明 - 嵌入式播放器,74
2015-04,不明 - 嵌入式播放器,156
2015-05,不明 - 嵌入式播放器,217
2015-06,不明 - 嵌入式播放器,0
2015-07,不明 - 嵌入式播放器,0
2015-08,不明 - 嵌入式播放器,0
2015-09,不明 - 嵌入式播放器,0
2015-10,不明 - 嵌入式播放器,0
2015-11,不明 - 嵌入式播放器,0
2015-12,不明 - 嵌入式播放器,0
2016-01,不明 - 嵌入式播放器,0
2016-02,不明 - 嵌入式播放器,0
2016-03,不明 - 嵌入式播放器,0
2016-04,不明 - 嵌入式播放器,0
2016-05,不明 - 嵌入式播放器,0
2016-06,不明 - 嵌入式播放器,0
2016-07,不明 - 嵌入式播放器,0
2016-08,不明 - 嵌入式播放器,0
2016-09,不明 - 嵌入式播放器,0
2016-10,不明 - 嵌入式播放器,0
2016-11,不明 - 嵌入式播放器,0
2016-12,不明 - 嵌入式播放器,0
2017-01,不明 - 嵌入式播放器,0
2017-02,不明 - 嵌入式播放器,0
2017-03,不明 - 嵌入式播放器,0
2017-04,不明 - 嵌入式播放器,0
2017-05,不明 - 嵌入式播放器,0
2017-06,不明 - 嵌入式播放器,0
2017-07,不明 - 嵌入式播放器,0
2017-08,不明 - 嵌入式播放器,0
2017-09,不明 - 嵌入式播放器,0
2017-10,不明 - 嵌入式播放器,0
2017-11,不明 - 嵌入式播放器,0
2017-12,不明 - 嵌入式播放器,0
2018-01,不明 - 嵌入式播放器,0
2018-02,不明 - 嵌入式播放器,0
2018-03,不明 - 嵌入式播放器,0
2018-04,不明 - 嵌入式播放器,0
2018-05,不明 - 嵌入式播放器,0
2018-06,不明 - 嵌入式播放器,0
2018-07,不明 - 嵌入式播放器,0
2018-08,不明 - 嵌入式播放器,0
2018-09,不明 - 嵌入式播放器,0
2018-10,不明 - 嵌入式播放器,0
2018-11,不明 - 嵌入式播放器,0
2018-12,不明 - 嵌入式播放器,0
2019-01,不明 - 嵌入式播放器,0
2019-02,不明 - 嵌入式播放器,0
2019-03,不明 - 嵌入式播放器,0
2019-04,不明 - 嵌入式播放器,0
2019-05,不明 - 嵌入式播放器,0
2019-06,不明 - 嵌入式播放器,0
2019-07,不明 - 嵌入式播放器,0
2019-08,不明 - 嵌入式播放器,0
2019-09,不明 - 嵌入式播放器,0
2019-10,不明 - 嵌入式播放器,0
2019-11,不明 - 嵌入式播放器,0
2019-12,不明 - 嵌入式播放器,0
2020-01,不明 - 嵌入式播放器,0
2020-02,不明 - 嵌入式播放器,0
2020-03,不明 - 嵌入式播放器,0
2020-04,不明 - 嵌入式播放器,0
2020-05,不明 - 嵌入式播放器,0
2020-06,不明 - 嵌入式播放器,0
2020-07,不明 - 嵌入式播放器,0
2020-08,不明 - 嵌入式播放器,0
2020-09,不明 - 嵌入式播放器,0
2020-10,不明 - 嵌入式播放器,0
2020-11,不明 - 嵌入式播放器,0
2020-12,不明 - 嵌入式播放器,0
2021-01,不明 - 嵌入式播放器,0
2021-02,不明 - 嵌入式播放器,0
2021-03,不明 - 嵌入式播放器,0
2021-04,不明 - 嵌入式播放器,0
2021-05,不明 - 嵌入式播放器,0
2021-06,不明 - 嵌入式播放器,0
2021-07,不明 - 嵌入式播放器,0
2021-08,不明 - 嵌入式播放器,0
2021-09,不明 - 嵌入式播放器,0
2021-10,不明 - 嵌入式播放器,0
2021-11,不明 - 嵌入式播放器,0
2021-12,不明 - 嵌入式播放器,0
2022-01,不明 - 嵌入式播放器,0
2022-02,不明 - 嵌入式播放器,0
2022-03,不明 - 嵌入式播放器,0
2022-04,不明 - 嵌入式播放器,0
2022-05,不明 - 嵌入式播放器,0
2022-06,不明 - 嵌入式播放器,0
2022-07,不明 - 嵌入式播放器,0
2022-08,不明 - 嵌入式播放器,0
2022-09,不明 - 嵌入式播放器,0
2022-10,不明 - 嵌入式播放器,0
2022-11,不明 - 嵌入式播放器,0
2022-12,不明 - 嵌入式播放器,0
2023-01,不明 - 嵌入式播放器,0
2023-02,不明 - 嵌入式播放器,0
2023-03,不明 - 嵌入式播放器,0
2023-04,不明 - 嵌入式播放器,0
2023-05,不明 - 嵌入式播放器,0
2023-06,不明 - 嵌入式播放器,0
2023-07,不明 - 嵌入式播放器,0
2023-08,不明 - 嵌入式播放器,0
2023-09,不明 - 嵌入式播放器,0
2023-10,不明 - 嵌入式播放器,0
2023-11,不明 - 嵌入式播放器,0
2023-12,不明 - 嵌入式播放器,0
2024-01,不明 - 嵌入式播放器,0
2024-02,不明 - 嵌入式播放器,0
2024-03,不明 - 嵌入式播放器,0
2024-04,不明 - 嵌入式播放器,0
2024-05,不明 - 嵌入式播放器,0
2024-06,不明 - 嵌入式播放器,0
2024-07,不明 - 嵌入式播放器,0
2024-08,不明 - 嵌入式播放器,0
2024-09,不明 - 嵌入式播放器,0
2024-10,不明 - 嵌入式播放器,0
2024-11,不明 - 嵌入式播放器,0
2024-12,不明 - 嵌入式播放器,0
2025-01,不明 - 嵌入式播放器,0
2025-02,不明 - 嵌入式播放器,0
2025-03,不明 - 嵌入式播放器,0
2025-04,不明 - 嵌入式播放器,0
2025-05,不明 - 嵌入式播放器,0
2025-06,不明 - 嵌入式播放器,0
2025-07,不明 - 嵌入式播放器,0
2025-08,不明 - 嵌入式播放器,0
2025-09,不明 - 嵌入式播放器,0
2025-10,不明 - 嵌入式播放器,0
2025-11,不明 - 嵌入式播放器,0
2025-12,不明 - 嵌入式播放器,0
2026-01,不明 - 嵌入式播放器,0
2026-02,不明 - 嵌入式播放器,0
2026-03,不明 - 嵌入式播放器,0
2026-04,不明 - 嵌入式播放器,0
2026-05,不明 - 嵌入式播放器,0
2026-06,不明 - 嵌入式播放器,0
2026-07,不明 - 嵌入式播放器,0
2026-08,不明 - 嵌入式播放器,0
2014-12,视频卡片和注释,0
2015-01,视频卡片和注释,0
2015-02,视频卡片和注释,0
2015-03,视频卡片和注释,0
2015-04,视频卡片和注释,0
2015-05,视频卡片和注释,0
2015-06,视频卡片和注释,1
2015-07,视频卡片和注释,1
2015-08,视频卡片和注释,1
2015-09,视频卡片和注释,0
2015-10,视频卡片和注释,0
2015-11,视频卡片和注释,1
2015-12,视频卡片和注释,0
2016-01,视频卡片和注释,0
2016-02,视频卡片和注释,0
2016-03,视频卡片和注释,1
2016-04,视频卡片和注释,14
2016-05,视频卡片和注释,4
2016-06,视频卡片和注释,9
2016-07,视频卡片和注释,8
2016-08,视频卡片和注释,4
2016-09,视频卡片和注释,4
2016-10,视频卡片和注释,4
2016-11,视频卡片和注释,1
2016-12,视频卡片和注释,4
2017-01,视频卡片和注释,4
2017-02,视频卡片和注释,1
2017-03,视频卡片和注释,9
2017-04,视频卡片和注释,4
2017-05,视频卡片和注释,2
2017-06,视频卡片和注释,8
2017-07,视频卡片和注释,5
2017-08,视频卡片和注释,1
2017-09,视频卡片和注释,6
2017-10,视频卡片和注释,4
2017-11,视频卡片和注释,0
2017-12,视频卡片和注释,0
2018-01,视频卡片和注释,0
2018-02,视频卡片和注释,0
2018-03,视频卡片和注释,0
2018-04,视频卡片和注释,0
2018-05,视频卡片和注释,0
2018-06,视频卡片和注释,0
2018-07,视频卡片和注释,0
2018-08,视频卡片和注释,0
2018-09,视频卡片和注释,0
2018-10,视频卡片和注释,0
2018-11,视频卡片和注释,0
2018-12,视频卡片和注释,0
2019-01,视频卡片和注释,0
2019-02,视频卡片和注释,0
2019-03,视频卡片和注释,0
2019-04,视频卡片和注释,0
2019-05,视频卡片和注释,0
2019-06,视频卡片和注释,0
2019-07,视频卡片和注释,0
2019-08,视频卡片和注释,0
2019-09,视频卡片和注释,0
2019-10,视频卡片和注释,0
2019-11,视频卡片和注释,0
2019-12,视频卡片和注释,0
2020-01,视频卡片和注释,0
2020-02,视频卡片和注释,0
2020-03,视频卡片和注释,0
2020-04,视频卡片和注释,0
2020-05,视频卡片和注释,0
2020-06,视频卡片和注释,0
2020-07,视频卡片和注释,0
2020-08,视频卡片和注释,0
2020-09,视频卡片和注释,0
2020-10,视频卡片和注释,0
2020-11,视频卡片和注释,0
2020-12,视频卡片和注释,0
2021-01,视频卡片和注释,0
2021-02,视频卡片和注释,0
2021-03,视频卡片和注释,0
2021-04,视频卡片和注释,0
2021-05,视频卡片和注释,0
2021-06,视频卡片和注释,0
2021-07,视频卡片和注释,0
2021-08,视频卡片和注释,0
2021-09,视频卡片和注释,0
2021-10,视频卡片和注释,0
2021-11,视频卡片和注释,0
2021-12,视频卡片和注释,0
2022-01,视频卡片和注释,0
2022-02,视频卡片和注释,0
2022-03,视频卡片和注释,0
2022-04,视频卡片和注释,0
2022-05,视频卡片和注释,0
2022-06,视频卡片和注释,0
2022-07,视频卡片和注释,0
2022-08,视频卡片和注释,0
2022-09,视频卡片和注释,0
2022-10,视频卡片和注释,0
2022-11,视频卡片和注释,0
2022-12,视频卡片和注释,0
2023-01,视频卡片和注释,0
2023-02,视频卡片和注释,0
2023-03,视频卡片和注释,0
2023-04,视频卡片和注释,0
2023-05,视频卡片和注释,0
2023-06,视频卡片和注释,0
2023-07,视频卡片和注释,0
2023-08,视频卡片和注释,0
2023-09,视频卡片和注释,0
2023-10,视频卡片和注释,0
2023-11,视频卡片和注释,0
2023-12,视频卡片和注释,0
2024-01,视频卡片和注释,0
2024-02,视频卡片和注释,0
2024-03,视频卡片和注释,0
2024-04,视频卡片和注释,0
2024-05,视频卡片和注释,0
2024-06,视频卡片和注释,0
2024-07,视频卡片和注释,0
2024-08,视频卡片和注释,0
2024-09,视频卡片和注释,0
2024-10,视频卡片和注释,0
2024-11,视频卡片和注释,0
2024-12,视频卡片和注释,0
2025-01,视频卡片和注释,0
2025-02,视频卡片和注释,0
2025-03,视频卡片和注释,0
2025-04,视频卡片和注释,0
2025-05,视频卡片和注释,0
2025-06,视频卡片和注释,0
2025-07,视频卡片和注释,0
2025-08,视频卡片和注释,0
2025-09,视频卡片和注释,0
2025-10,视频卡片和注释,0
2025-11,视频卡片和注释,0
2025-12,视频卡片和注释,0
2026-01,视频卡片和注释,0
2026-02,视频卡片和注释,0
2026-03,视频卡片和注释,0
2026-04,视频卡片和注释,0
2026-05,视频卡片和注释,0
2026-06,视频卡片和注释,0
2026-07,视频卡片和注释,0
2026-08,视频卡片和注释,0
2014-12,播放列表,2
2015-01,播放列表,33
2015-02,播放列表,86
2015-03,播放列表,700
2015-04,播放列表,2614
2015-05,播放列表,4437
2015-06,播放列表,8134
2015-07,播放列表,12271
2015-08,播放列表,13624
2015-09,播放列表,10341
2015-10,播放列表,10157
2015-11,播放列表,9882
2015-12,播放列表,12210
2016-01,播放列表,13792
2016-02,播放列表,15232
2016-03,播放列表,13959
2016-04,播放列表,13716
2016-05,播放列表,11960
2016-06,播放列表,12655
2016-07,播放列表,12638
2016-08,播放列表,10800
2016-09,播放列表,7901
2016-10,播放列表,6831
2016-11,播放列表,7134
2016-12,播放列表,7739
2017-01,播放列表,7176
2017-02,播放列表,6053
2017-03,播放列表,6198
2017-04,播放列表,6605
2017-05,播放列表,9759
2017-06,播放列表,9364
2017-07,播放列表,9106
2017-08,播放列表,8547
2017-09,播放列表,6421
2017-10,播放列表,5400
2017-11,播放列表,5138
2017-12,播放列表,6505
2018-01,播放列表,6102
2018-02,播放列表,5334
2018-03,播放列表,6027
2018-04,播放列表,6368
2018-05,播放列表,6206
2018-06,播放列表,5786
2018-07,播放列表,6658
2018-08,播放列表,6249
2018-09,播放列表,6114
2018-10,播放列表,7194
2018-11,播放列表,6260
2018-12,播放列表,6516
2019-01,播放列表,7017
2019-02,播放列表,6305
2019-03,播放列表,6396
2019-04,播放列表,5378
2019-05,播放列表,6032
2019-06,播放列表,5975
2019-07,播放列表,5655
2019-08,播放列表,6310
2019-09,播放列表,5314
2019-10,播放列表,5866
2019-11,播放列表,5556
2019-12,播放列表,5989
2020-01,播放列表,5418
2020-02,播放列表,4852
2020-03,播放列表,6789
2020-04,播放列表,7353
2020-05,播放列表,7671
2020-06,播放列表,6483
2020-07,播放列表,7015
2020-08,播放列表,7421
2020-09,播放列表,6835
2020-10,播放列表,6988
2020-11,播放列表,5593
2020-12,播放列表,6690
2021-01,播放列表,8340
2021-02,播放列表,9343
2021-03,播放列表,7311
2021-04,播放列表,5362
2021-05,播放列表,6485
2021-06,播放列表,7520
2021-07,播放列表,9871
2021-08,播放列表,9948
2021-09,播放列表,9081
2021-10,播放列表,8220
2021-11,播放列表,6166
2021-12,播放列表,6170
2022-01,播放列表,6045
2022-02,播放列表,5361
2022-03,播放列表,5479
2022-04,播放列表,5352
2022-05,播放列表,5863
2022-06,播放列表,6682
2022-07,播放列表,7033
2022-08,播放列表,7800
2022-09,播放列表,6606
2022-10,播放列表,5232
2022-11,播放列表,5457
2022-12,播放列表,5228
2023-01,播放列表,5136
2023-02,播放列表,4319
2023-03,播放列表,4065
2023-04,播放列表,3466
2023-05,播放列表,3630
2023-06,播放列表,5060
2023-07,播放列表,5821
2023-08,播放列表,8152
2023-09,播放列表,3907
2023-10,播放列表,3718
2023-11,播放列表,4637
2023-12,播放列表,6879
2024-01,播放列表,7937
2024-02,播放列表,6684
2024-03,播放列表,5982
2024-04,播放列表,5653
2024-05,播放列表,5810
2024-06,播放列表,5256
2024-07,播放列表,4276
2024-08,播放列表,4353
2024-09,播放列表,3102
2024-10,播放列表,2671
2024-11,播放列表,2855
2024-12,播放列表,2890
2025-01,播放列表,1966
2025-02,播放列表,1425
2025-03,播放列表,1220
2025-04,播放列表,1261
2025-05,播放列表,1433
2025-06,播放列表,1386
2025-07,播放列表,1166
2025-08,播放列表,1319
2025-09,播放列表,1200
2025-10,播放列表,4180
2025-11,播放列表,2766
2025-12,播放列表,2453
2026-01,播放列表,1924
2026-02,播放列表,2292
2026-03,播放列表,2423
2026-04,播放列表,2278
2026-05,播放列表,2162
2026-06,播放列表,2192
2026-07,播放列表,2130
2026-08,播放列表,673
2014-12,外部应用,0
2015-01,外部应用,8
2015-02,外部应用,20
2015-03,外部应用,60
2015-04,外部应用,80
2015-05,外部应用,91
2015-06,外部应用,0
2015-07,外部应用,0
2015-08,外部应用,0
2015-09,外部应用,0
2015-10,外部应用,0
2015-11,外部应用,0
2015-12,外部应用,0
2016-01,外部应用,0
2016-02,外部应用,0
2016-03,外部应用,0
2016-04,外部应用,0
2016-05,外部应用,0
2016-06,外部应用,0
2016-07,外部应用,0
2016-08,外部应用,0
2016-09,外部应用,0
2016-10,外部应用,0
2016-11,外部应用,0
2016-12,外部应用,0
2017-01,外部应用,0
2017-02,外部应用,0
2017-03,外部应用,0
2017-04,外部应用,0
2017-05,外部应用,0
2017-06,外部应用,0
2017-07,外部应用,0
2017-08,外部应用,0
2017-09,外部应用,0
2017-10,外部应用,0
2017-11,外部应用,0
2017-12,外部应用,0
2018-01,外部应用,0
2018-02,外部应用,0
2018-03,外部应用,0
2018-04,外部应用,0
2018-05,外部应用,0
2018-06,外部应用,0
2018-07,外部应用,0
2018-08,外部应用,0
2018-09,外部应用,0
2018-10,外部应用,0
2018-11,外部应用,0
2018-12,外部应用,0
2019-01,外部应用,0
2019-02,外部应用,0
2019-03,外部应用,0
2019-04,外部应用,0
2019-05,外部应用,0
2019-06,外部应用,0
2019-07,外部应用,0
2019-08,外部应用,0
2019-09,外部应用,0
2019-10,外部应用,0
2019-11,外部应用,0
2019-12,外部应用,0
2020-01,外部应用,0
2020-02,外部应用,0
2020-03,外部应用,0
2020-04,外部应用,0
2020-05,外部应用,0
2020-06,外部应用,0
2020-07,外部应用,0
2020-08,外部应用,0
2020-09,外部应用,0
2020-10,外部应用,0
2020-11,外部应用,0
2020-12,外部应用,0
2021-01,外部应用,0
2021-02,外部应用,0
2021-03,外部应用,0
2021-04,外部应用,0
2021-05,外部应用,0
2021-06,外部应用,0
2021-07,外部应用,0
2021-08,外部应用,0
2021-09,外部应用,0
2021-10,外部应用,0
2021-11,外部应用,0
2021-12,外部应用,0
2022-01,外部应用,0
2022-02,外部应用,0
2022-03,外部应用,0
2022-04,外部应用,0
2022-05,外部应用,0
2022-06,外部应用,0
2022-07,外部应用,0
2022-08,外部应用,0
2022-09,外部应用,0
2022-10,外部应用,0
2022-11,外部应用,0
2022-12,外部应用,0
2023-01,外部应用,0
2023-02,外部应用,0
2023-03,外部应用,0
2023-04,外部应用,0
2023-05,外部应用,0
2023-06,外部应用,0
2023-07,外部应用,0
2023-08,外部应用,0
2023-09,外部应用,0
2023-10,外部应用,0
2023-11,外部应用,0
2023-12,外部应用,0
2024-01,外部应用,0
2024-02,外部应用,0
2024-03,外部应用,0
2024-04,外部应用,0
2024-05,外部应用,0
2024-06,外部应用,0
2024-07,外部应用,0
2024-08,外部应用,0
2024-09,外部应用,0
2024-10,外部应用,0
2024-11,外部应用,0
2024-12,外部应用,0
2025-01,外部应用,0
2025-02,外部应用,0
2025-03,外部应用,0
2025-04,外部应用,0
2025-05,外部应用,0
2025-06,外部应用,0
2025-07,外部应用,0
2025-08,外部应用,0
2025-09,外部应用,0
2025-10,外部应用,0
2025-11,外部应用,0
2025-12,外部应用,0
2026-01,外部应用,0
2026-02,外部应用,0
2026-03,外部应用,0
2026-04,外部应用,0
2026-05,外部应用,0
2026-06,外部应用,0
2026-07,外部应用,0
2026-08,外部应用,0
2014-12,通知,0
2015-01,通知,0
2015-02,通知,0
2015-03,通知,0
2015-04,通知,0
2015-05,通知,0
2015-06,通知,5
2015-07,通知,0
2015-08,通知,1
2015-09,通知,20
2015-10,通知,2
2015-11,通知,19
2015-12,通知,68
2016-01,通知,29
2016-02,通知,1
2016-03,通知,0
2016-04,通知,8
2016-05,通知,4
2016-06,通知,5
2016-07,通知,14
2016-08,通知,1
2016-09,通知,15
2016-10,通知,5
2016-11,通知,4
2016-12,通知,18
2017-01,通知,53
2017-02,通知,5
2017-03,通知,4
2017-04,通知,3
2017-05,通知,46
2017-06,通知,6
2017-07,通知,3
2017-08,通知,2
2017-09,通知,3
2017-10,通知,0
2017-11,通知,1
2017-12,通知,0
2018-01,通知,0
2018-02,通知,1
2018-03,通知,0
2018-04,通知,0
2018-05,通知,0
2018-06,通知,0
2018-07,通知,1
2018-08,通知,0
2018-09,通知,4
2018-10,通知,2
2018-11,通知,0
2018-12,通知,0
2019-01,通知,2
2019-02,通知,0
2019-03,通知,0
2019-04,通知,0
2019-05,通知,0
2019-06,通知,0
2019-07,通知,0
2019-08,通知,0
2019-09,通知,0
2019-10,通知,0
2019-11,通知,0
2019-12,通知,0
2020-01,通知,0
2020-02,通知,0
2020-03,通知,0
2020-04,通知,0
2020-05,通知,1
2020-06,通知,0
2020-07,通知,0
2020-08,通知,0
2020-09,通知,0
2020-10,通知,0
2020-11,通知,0
2020-12,通知,0
2021-01,通知,0
2021-02,通知,0
2021-03,通知,0
2021-04,通知,0
2021-05,通知,0
2021-06,通知,0
2021-07,通知,0
2021-08,通知,1
2021-09,通知,0
2021-10,通知,0
2021-11,通知,0
2021-12,通知,0
2022-01,通知,0
2022-02,通知,0
2022-03,通知,0
2022-04,通知,0
2022-05,通知,0
2022-06,通知,0
2022-07,通知,0
2022-08,通知,0
2022-09,通知,0
2022-10,通知,0
2022-11,通知,0
2022-12,通知,0
2023-01,通知,0
2023-02,通知,0
2023-03,通知,0
2023-04,通知,0
2023-05,通知,0
2023-06,通知,0
2023-07,通知,0
2023-08,通知,0
2023-09,通知,0
2023-10,通知,0
2023-11,通知,0
2023-12,通知,0
2024-01,通知,0
2024-02,通知,0
2024-03,通知,0
2024-04,通知,0
2024-05,通知,0
2024-06,通知,0
2024-07,通知,0
2024-08,通知,0
2024-09,通知,0
2024-10,通知,0
2024-11,通知,0
2024-12,通知,0
2025-01,通知,0
2025-02,通知,0
2025-03,通知,0
2025-04,通知,0
2025-05,通知,0
2025-06,通知,0
2025-07,通知,0
2025-08,通知,0
2025-09,通知,0
2025-10,通知,0
2025-11,通知,0
2025-12,通知,0
2026-01,通知,0
2026-02,通知,0
2026-03,通知,0
2026-04,通知,0
2026-05,通知,0
2026-06,通知,0
2026-07,通知,0
2026-08,通知,0
2014-12,片尾画面,0
2015-01,片尾画面,0
2015-02,片尾画面,0
2015-03,片尾画面,0
2015-04,片尾画面,0
2015-05,片尾画面,0
2015-06,片尾画面,0
2015-07,片尾画面,0
2015-08,片尾画面,0
2015-09,片尾画面,0
2015-10,片尾画面,0
2015-11,片尾画面,0
2015-12,片尾画面,0
2016-01,片尾画面,0
2016-02,片尾画面,0
2016-03,片尾画面,0
2016-04,片尾画面,0
2016-05,片尾画面,0
2016-06,片尾画面,0
2016-07,片尾画面,0
2016-08,片尾画面,0
2016-09,片尾画面,0
2016-10,片尾画面,0
2016-11,片尾画面,0
2016-12,片尾画面,0
2017-01,片尾画面,0
2017-02,片尾画面,0
2017-03,片尾画面,0
2017-04,片尾画面,0
2017-05,片尾画面,0
2017-06,片尾画面,0
2017-07,片尾画面,0
2017-08,片尾画面,0
2017-09,片尾画面,0
2017-10,片尾画面,0
2017-11,片尾画面,0
2017-12,片尾画面,0
2018-01,片尾画面,0
2018-02,片尾画面,0
2018-03,片尾画面,457
2018-04,片尾画面,0
2018-05,片尾画面,0
2018-06,片尾画面,0
2018-07,片尾画面,0
2018-08,片尾画面,0
2018-09,片尾画面,0
2018-10,片尾画面,0
2018-11,片尾画面,0
2018-12,片尾画面,0
2019-01,片尾画面,0
2019-02,片尾画面,0
2019-03,片尾画面,0
2019-04,片尾画面,0
2019-05,片尾画面,0
2019-06,片尾画面,0
2019-07,片尾画面,0
2019-08,片尾画面,0
2019-09,片尾画面,0
2019-10,片尾画面,0
2019-11,片尾画面,0
2019-12,片尾画面,0
2020-01,片尾画面,0
2020-02,片尾画面,0
2020-03,片尾画面,0
2020-04,片尾画面,0
2020-05,片尾画面,0
2020-06,片尾画面,0
2020-07,片尾画面,0
2020-08,片尾画面,0
2020-09,片尾画面,0
2020-10,片尾画面,0
2020-11,片尾画面,0
2020-12,片尾画面,0
2021-01,片尾画面,0
2021-02,片尾画面,2
2021-03,片尾画面,0
2021-04,片尾画面,0
2021-05,片尾画面,0
2021-06,片尾画面,0
2021-07,片尾画面,0
2021-08,片尾画面,2
2021-09,片尾画面,1
2021-10,片尾画面,0
2021-11,片尾画面,0
2021-12,片尾画面,0
2022-01,片尾画面,0
2022-02,片尾画面,0
2022-03,片尾画面,0
2022-04,片尾画面,0
2022-05,片尾画面,0
2022-06,片尾画面,0
2022-07,片尾画面,0
2022-08,片尾画面,0
2022-09,片尾画面,0
2022-10,片尾画面,0
2022-11,片尾画面,0
2022-12,片尾画面,0
2023-01,片尾画面,0
2023-02,片尾画面,0
2023-03,片尾画面,0
2023-04,片尾画面,0
2023-05,片尾画面,0
2023-06,片尾画面,0
2023-07,片尾画面,0
2023-08,片尾画面,0
2023-09,片尾画面,0
2023-10,片尾画面,0
2023-11,片尾画面,0
2023-12,片尾画面,0
2024-01,片尾画面,0
2024-02,片尾画面,0
2024-03,片尾画面,0
2024-04,片尾画面,0
2024-05,片尾画面,0
2024-06,片尾画面,0
2024-07,片尾画面,0
2024-08,片尾画面,0
2024-09,片尾画面,0
2024-10,片尾画面,0
2024-11,片尾画面,0
2024-12,片尾画面,0
2025-01,片尾画面,0
2025-02,片尾画面,0
2025-03,片尾画面,0
2025-04,片尾画面,0
2025-05,片尾画面,0
2025-06,片尾画面,0
2025-07,片尾画面,0
2025-08,片尾画面,0
2025-09,片尾画面,0
2025-10,片尾画面,0
2025-11,片尾画面,0
2025-12,片尾画面,0
2026-01,片尾画面,0
2026-02,片尾画面,0
2026-03,片尾画面,0
2026-04,片尾画面,0
2026-05,片尾画面,0
2026-06,片尾画面,0
2026-07,片尾画面,0
2026-08,片尾画面,0
